run_stamp,run_number,run_id,live_exit,options_exit,live_duration_s,options_duration_s,event_type
20260727T020322Z,5104,30231215892,0,0,2,0,schedule
20260727T055848Z,5105,30241253215,0,0,3,8,schedule
20260727T130040Z,5106,30268271131,0,0,2,7,workflow_dispatch
20260727T130611Z,5107,30268635225,0,0,2,7,workflow_dispatch
20260727T131040Z,5108,30269009024,0,0,2,7,workflow_dispatch
20260727T131539Z,5109,30269395743,0,0,1,7,workflow_dispatch
20260727T132037Z,5110,30269784923,0,0,2,8,workflow_dispatch
20260727T132542Z,5111,30270174127,0,0,3,7,workflow_dispatch
20260727T133042Z,5112,30270559977,0,0,218,0,workflow_dispatch
