date,symbol,signal_type,gap_pct,realized_vol_30d,ret_5day,ret_1day,signal_day_return,ret_3day
2026-05-25,AZO,VolumeSpike,-0.05621311910593718,0.2682183293814436,-0.02282177004959265,-0.023428241074161697,-0.03573858308208696,-0.05319816403320478
2026-05-25,CVNA,MomReversal,0.022114853005655227,0.52241066884746,-0.0648610542093756,0.040627204734553085,0.005158340817150888,0.040627204734553085
2026-05-25,CVX,Pullback50,-0.007470055532014683,0.26205908053944615,0.015375433028325535,-0.012506159565903948,-0.027842069927014802,-0.012181256662967141
2026-05-25,DTE,Pullback50,0.004817614240171781,0.2163794088806161,-0.013621946555711865,0.004494528760432322,-0.009452088238441715,-0.01210072798136082
2026-05-25,ETN,Pullback50,0.02228184766757511,0.3989635778444754,0.03594371557281417,0.008037085295392106,0.0076486552417660055,-0.006275888047659292
2026-05-25,EIX,Pullback50,0.0063219576610407295,0.24117939790309556,-0.004491854357381455,0.005895645858145734,-0.005444637785879964,-0.018248111473125394
2026-05-25,XOM,Pullback50,-0.00916600946119789,0.3063134022037417,-0.0016687804824388967,-0.012749507330859769,-0.024039103852809447,-0.030371825151243415
2026-05-25,GD,Pullback50,0.0062702143679767034,0.28619730381921343,-0.02039818070471659,-0.005658113173597762,-0.0011592681618899812,0.006325419519277326
2026-05-25,HSIC,Pullback50,0.0005390232586017286,0.26892914775475796,0.02895804256376145,0.023951239601078686,-0.004713784163247054,0.03626522665547276
2026-05-26,ABNB,Pullback50,0.00015103145258822946,0.25657287072016,0.01258677660478354,-0.004371318995192354,0.0023419020172910665,0.004748303569415993
2026-05-26,AMCR,Pullback50,0.01433039148876597,0.3706696421952426,0.0025632248182054975,0.018485129452660943,0.0005137543695577824,0.013264885084526777
2026-05-26,AEP,Pullback50,0.0026598230356120363,0.22694174883329427,-0.02895334960160454,-0.010160325701140806,-0.007882435392433287,-0.032314712947077294
2026-05-26,AME,Pullback50,0.006369157809047895,0.24372959411168235,-0.007452942473293384,-0.013336823392990709,0.015445919629569592,-0.015646789977667615
2026-05-26,APA,Pullback50,-0.0072164635258402,0.5458201056103587,0.008266703287760416,-0.023466695149739585,-0.026479762347928315,-0.0285333251953125
2026-05-26,CB,Pullback50,0.00033546299210040294,0.16716127204348089,-0.04049787154309175,-0.014810308850121566,-0.007774353027343648,-0.04215704828891931
2026-05-26,DOV,Pullback50,0.01067177431871431,0.2673922050027772,-0.014114986658061775,-0.009424359419374301,0.015367184482960788,-0.016348845242038154
2026-05-26,EA,Pullback50,-0.001791322303902168,0.030696511189225208,0.005324933076686387,-0.001293967166646265,0.0025921154024167053,0.0038817496258582024
2026-05-26,GILD,Pullback50,0.00662392406342889,0.21577915479939427,-0.04606291833172427,-0.000299072942788173,-0.01123847890913819,0.005234465606956134
2026-05-26,HIG,Pullback50,-0.0005881780009728647,0.18599373582760506,-0.056050309171300404,-0.027112885750574862,-0.004266601593630776,-0.06080085752930711
2026-05-26,OXY,Pullback50,-0.006971608583383981,0.4474556433709642,0.0283676188790385,-0.009919939515280548,-0.016095931795304916,-0.014444755170877269
2026-05-26,O,Pullback50,0.0009674630393159416,0.17588772125978994,-0.036439710295928386,-0.0041633901317855715,0.00596003416513556,-0.014405382620025784
2026-05-26,SNA,Pullback50,0.009136795743303424,0.2779508497765166,0.0009406237510736717,8.062020640905216e-05,0.005675692171663851,-0.002391869480888705
2026-05-26,VZ,Pullback50,-0.0012409009407903736,0.22032870131720247,-0.012786197672114313,-0.005155702028177466,0.004141659953357842,-0.014023515810224286
2026-05-27,AMCR,Pullback50,0.010526270915542873,0.37384691777872714,-0.029215675884834848,0.005894499659688306,0.007875954110433266,-0.03305989779113172
2026-05-27,COST,Pullback50,0.0009272757645825935,0.21522491018918427,-0.04170608977845848,-0.008458777325392988,-0.0001693293015327433,-0.05736832782012808
2026-05-27,CRWD,GapDown,-0.04547684994785359,0.3809649308311732,0.15843870447638445,0.03972978683280154,0.00678612739218846,0.2119902080449967
2026-05-27,DTE,Pullback50,-0.004356243820342601,0.21283827865898614,-0.023817686138535243,-0.013010243243958603,0.008889497398884767,-0.03744750006617083
2026-05-27,EIX,Pullback50,-0.0005614951814546163,0.20403523800018092,-0.011163871209524074,-0.01925767251310071,0.0064607687301107995,-0.035863901658962034
2026-05-27,FAST,Pullback50,0.0,0.21650080076183015,0.03659079430644939,-0.0013387187349299455,0.008323935332600832,-0.01851847438663123
2026-05-27,HSY,Pullback50,0.01873169695750341,0.2419827553633075,-0.073905620436132,-0.003943049283217986,0.016024706856086732,-0.05772931455319102
2026-05-27,PODD,GapDown,-0.06371913431275973,0.6445109693051121,-0.018560314752640087,-0.023012127503328227,0.013958295186360678,0.014519625064962982
2026-05-27,JNJ,Pullback50,-0.0008688719897732036,0.1897188974698547,-0.03480473875499651,-0.0021185103056699244,0.005696136981173462,-0.033637420576479955
2026-05-27,PANW,GapDown,-0.04334958084834469,0.3946305238970655,0.1286271634324568,0.03742901657052776,0.011603314714487563,0.20932108306880548
2026-05-27,DGX,Pullback50,0.007154653614105171,0.24292447937133585,-0.0016496072743810847,0.011392295440478256,-0.001389833322899503,-0.009227323543660359
2026-05-27,REGN,MomReversal,0.00028362276191441614,0.4153206129527455,-0.014002577761633278,-0.009908514352897434,-0.011121609474410184,-0.04313890704929133
2026-05-27,TSCO,MomReversal,0.006765990758004671,0.47270113959601057,-0.049885904233437084,0.022823630948749535,0.030577951626793404,0.0361917381020656
2026-05-27,VLO,Pullback50,-0.022696192987377704,0.45868593503675104,0.08783396933842984,0.01876512371783696,0.018519282512950604,0.050678239661144917
2026-05-27,VRTX,Pullback50,0.005941312553405588,0.19035124477476276,-0.020310152458761797,0.024587164287970295,-0.0029644892491507836,0.0026988533747009545
2026-05-27,WBD,Pullback50,0.0011111365424262153,0.0943512232458939,-0.005158415357291245,-0.003684542239128956,0.004069504262250199,0.004053080796807911
2026-05-27,AA,GapDown,-0.04371734141842487,0.5126524294863352,0.10539984858024949,0.033219415645754966,0.02580288922003213,0.06302119636621802
2026-05-27,CPRI,GapDown,-0.04054054054054054,0.38978125268577685,0.009304875316612558,0.08045973051576084,0.029295800437389965,0.007115443760777772
2026-05-28,AEE,Pullback50,-0.0024297888988680056,0.18947386832662336,-0.017809613608265804,-0.008813043210848333,-0.017320687373699545,-0.01973749546472018
2026-05-28,BG,Pullback50,0.001237840613146949,0.27738233348134556,0.04624091642537755,-0.003233580487893933,0.019533463128827668,0.04389658907463275
2026-05-28,CINF,Pullback50,-0.005891797934080259,0.15698795956630965,0.004124999628425925,-0.016125068285725984,-0.012223705270801053,-0.0125000395546596
2026-05-28,FANG,Pullback50,0.009956431266370322,0.34867610790093323,0.045328129594230486,-0.013701471466323733,-0.003183380235542873,0.042546587683137495
2026-05-28,DTE,Pullback50,0.001583238369792669,0.2132717815205922,-0.004533506250827982,-0.003557037296866192,-0.014570413176546431,-0.005091411889579522
2026-05-28,SATS,Pullback50,-0.0053078681262322775,0.5463222903014319,-0.0490578131934093,-0.01411464103255441,0.0760201128907395,-0.057373951722297735
2026-05-28,ETR,Pullback50,-0.0033181126310983583,0.23006384511088007,-0.003101659904818399,-0.005199778147624535,-0.01367641399508572,-0.018427332802853094
2026-05-28,EXC,Pullback50,1.600232850589199e-08,0.20645295236995892,-0.011634167294419129,0.001316273785285257,-0.013206252734148627,-0.012724965517614255
2026-05-28,ABNB,Pullback50,-0.005601858130000257,0.24296420194138607,-0.005799247429716543,-0.008847601794842008,0.023903771125599372,-0.0011151962563894053
2026-05-28,ALGN,Pullback50,0.0,0.3423179517004881,-0.028629187381628788,0.009812392197646104,0.06366647106038838,-0.037864343772546896
2026-05-29,AFL,Pullback50,-0.0007990441275438626,0.16003532254631847,0.05177014578916729,-0.002757494784227662,-0.0010663119389176605,0.018502062488284787
2026-05-29,ALGN,Pullback50,0.003116844364402958,0.39041743932775047,-0.041211726669598936,-0.029608418211711757,0.0066747436959705255,-0.07567871086212116
2026-05-29,AMCR,Pullback50,-0.007643292663962978,0.3778007660443731,-0.017774307885967868,-0.028078314300791142,-0.0033376396808425515,-0.024214287328660444
2026-05-29,AME,Pullback50,-0.0019516465562465588,0.25043239288276803,0.0030993667564598445,-0.011025060443267771,0.0037332190444286048,0.010537887569702935
2026-05-29,CASY,Pullback50,-0.004391964869908058,0.2967937384888634,-0.006817584018613677,-0.02810438400671121,-0.013375470937573469,0.00918996227331408
2026-05-29,CNP,Pullback50,0.00047371997123165385,0.20386031323424808,0.010175114109190073,-0.02295308671395772,0.0004734053568137092,-0.01703732689546727
2026-05-29,CFG,Pullback50,-0.022111858219664094,0.21592793358513052,0.02762610451449766,-0.023771275010209186,0.02015401551431096,-0.011725017056157725
2026-05-29,EA,Pullback50,0.0,0.030820816833518287,0.006345423218079502,0.0013880566012416714,0.0028337426871217638,0.0045112217757411885
2026-05-29,FAST,Pullback50,-0.0022341036164200737,0.20365683510713,0.05859728750863593,-0.00475111042642187,-0.010300024318054529,0.05113118286251598
2026-05-29,FTV,Pullback50,-0.01047826890594464,0.17747917807485983,0.050754432205729144,0.006858742446249668,-0.0039282586717908205,0.039094602784169506
2026-05-29,GILD,Pullback50,-0.008001727825690601,0.22101035313336548,-0.03920247993654828,-0.024771144916379148,-0.005180286995758695,-0.04046714977534373
2026-05-29,JCI,Pullback50,-0.001836204372840593,0.2565081246992572,0.07153501912283872,-0.001118870679071069,-0.013539340842738704,0.09622561765302408
2026-05-29,KEY,Pullback50,-0.0023429303842053997,0.20068199545053378,0.030264852452816318,-0.020159440127231334,0.001878769678658891,-0.011400320390182829
2026-05-29,NSC,Pullback50,-0.006106290934768827,0.323416635305834,0.027839785512335773,0.000655863761265591,-0.003398720735038807,0.000491847785569176
2026-05-29,TJX,Pullback50,0.0016785751685742042,0.23870253581632073,0.03851377521077343,-0.012924071082390954,-0.0025781109392195643,0.020355372513630857
2026-05-29,TT,Pullback50,0.001127608838775877,0.2817178813645917,0.014572764396142902,-0.00627074082618737,-0.003246684312945288,0.03221810572294309
2026-06-01,CIEN,GapDown,-0.03569267641215136,0.6259559534563771,-0.18072009720878351,0.10075317519761608,0.018033252552367273,-0.05965481881041394
2026-06-01,FIX,GapDown,-0.03416454470331774,0.4493277549055046,0.03588049770614625,0.05334810201038309,0.012532920788793714,0.0709052168965664
2026-06-01,FDX,GapDown,-0.020431252491453666,0.4009777933818899,-0.024431960559474403,-0.02803625324056482,0.041475585562644135,-0.03099050990859225
2026-06-01,INTC,GapDown,-0.04577956039439472,0.9910532338534166,0.008597775507808667,-0.01280528219547914,-0.000913812243829118,0.022409191504708062
2026-06-01,LITE,GapDown,-0.034750188557479064,0.8836079824319071,-0.010607707829765193,0.1371823474188536,0.0966373826113299,0.044287311701484804
2026-06-01,NEM,GapDown,-0.04380291107853976,0.5342820162113491,-0.08503562593613283,0.012108305102435143,0.030380975632440476,0.001294014109337493
2026-06-01,FN,GapDown,-0.04014300753413237,0.6950523804278119,0.0021692214359365232,0.12653448462872371,-0.008823122865251994,0.14849933498392526
2026-06-01,KNF,GapDown,-0.03426318135539674,0.4914559493964279,-0.08123245707979924,-0.0014005679789827377,0.035874455706293065,-0.024318864780300348
2026-06-01,PII,GapDown,-0.051223377626541076,0.5765942556778678,-0.0010332058276637454,0.007380073800738007,0.02171621918902674,0.016383772846517528
2026-06-01,RRX,GapDown,-0.034694687701147954,0.5561421374615354,0.040526510910083455,0.05883517049388524,0.0376360753635029,0.05824139980081802
2026-06-01,AFL,Pullback50,-0.0051592407089622785,0.15896873775228676,0.027918983466038477,0.013558082550987506,0.0024142013707260995,0.028365001229713305
2026-06-01,ABNB,Pullback50,0.0,0.2364332364944863,-0.02495105942726913,-0.025531218817262852,0.034205968360246156,-0.03010077640865179
2026-06-01,BG,Pullback50,0.005271645420896917,0.26860697697004493,-0.034392561196583966,-0.006463001692707691,0.04856800662104664,-0.004231769228222502
2026-06-01,FANG,Pullback50,0.015719708756981626,0.35146074163086094,-0.0041702348196015985,0.016932096356612386,0.02334306729346246,0.01964529812636513
2026-06-01,EA,Pullback50,0.0010410046292254978,0.032038711949896666,0.005940578951693997,4.9477756613551983e-05,0.00034669106501258455,0.006930662853883045
2026-06-01,EME,Pullback50,-0.013654698637350028,0.35195216176843375,-0.008616684607381145,-0.004416610934764477,0.018907927796908825,0.01742581413566706
2026-06-01,EVRG,Pullback50,-0.009873202700567563,0.20194570743167167,0.016171203652543,0.011941772506049705,-0.010341055429901758,0.01865903733534734
2026-06-01,FTV,Pullback50,-0.003600801740773862,0.18160902138838042,0.041553097767240046,0.024523143930051075,0.010497343038108651,0.04683240556632891
2026-06-01,KEYS,Pullback50,-0.016551815707122882,0.3111960027856473,0.004848503343986742,0.05021214340672348,-0.008204883527744965,0.03972722833806818
2026-06-01,LITE,Pullback50,-0.034750188557479064,0.8836079824319071,-0.010607707829765193,0.1371823474188536,0.0966373826113299,0.044287311701484804
2026-06-01,MTB,Pullback50,-0.014165198627683059,0.17783810018360693,0.05202726594681214,0.026793300726641982,0.00023627069640427156,0.04777431643334558
2026-06-01,OXY,Pullback50,0.023132574798627847,0.4296874350481685,-0.02443993337023424,0.0028852952061561637,0.01691404151646922,-0.004243062055311031
2026-06-01,DGX,Pullback50,-0.0038994075455927777,0.24204861076433432,0.026066648518075435,0.0049948320973475825,-0.009992801316088245,0.020395412233023782
2026-06-02,AXON,GapDown,-0.03403374186409106,0.5766367446645895,-0.07673628035226346,-0.01762830371528417,0.06397482168929654,-0.008161266709887241
2026-06-02,DDOG,GapDown,-0.047713397601088864,0.8979035012036879,-0.15527814731441236,-0.06985472712321286,0.018467378932119204,-0.1301230024043946
2026-06-02,PANW,GapDown,-0.043330734342399944,0.48851229718834227,-0.1233595954156472,-0.05636314830343909,0.03381340537687342,-0.08456156370603637
2026-06-02,CRM,GapDown,-0.04093511600286363,0.5570658612696308,-0.12691686078831135,-0.05093604185014342,-0.0008954727427342787,-0.07558252108449749
2026-06-02,WDAY,GapDown,-0.05488767956833241,0.6922540546312418,-0.05810054319975402,-0.013299374807830276,0.001884244736180066,-0.030897406989853438
2026-06-02,AVTR,GapDown,-0.043525531751285464,0.4668298048873766,0.10233593990175563,0.008898768158267083,0.022753106954846287,0.018909908856738596
2026-06-02,APPF,GapDown,-0.03731178096787357,0.5467856369395859,-0.030579003878876167,-0.047872647177451766,0.011702707058213151,-0.04403597449686104
2026-06-02,DT,GapDown,-0.035979362376843696,0.600732538854219,-0.09339561149502197,-0.03402273854708644,0.048985359018902906,-0.06181904644277157
2026-06-02,NTNX,GapDown,-0.03168069610886533,0.5137651044452615,-0.08560100660157781,-0.04415211189100017,0.025693220768030437,-0.03333938066064725
2026-06-02,OKTA,GapDown,-0.07003357719671613,0.9088549873574047,-0.11350877481808304,-0.07885017159934923,0.040923133263221154,-0.12267222291632744
2026-06-02,QLYS,GapDown,-0.040431442875659536,0.5422283789423396,-0.03271027282989732,-0.01595836349686463,0.03665107734773498,-0.0310350617165694
2026-06-03,APO,GapDown,-0.036967961400334065,0.2872283114036799,0.05460394852309093,0.03264982097151552,0.0028225683396862398,0.025894662325816196
2026-06-03,ARES,GapDown,-0.05597134364717486,0.3470639545218293,0.04232335184795433,0.06011377708910494,0.016515276838978674,0.030625561144762233
2026-06-03,BX,GapDown,-0.0428161660564125,0.3232427212953313,0.07435622659052954,0.07499097174467402,0.002636611702516174,0.035455238532732095
2026-06-03,KKR,GapDown,-0.053467396352915045,0.29679436723283414,0.049596795805948245,0.05445709015411158,0.012639790090952792,0.029603450141531044
2026-06-03,CG,GapDown,-0.04652738663580155,0.32318456256424755,0.04427080628735055,0.030539702878082407,-0.004243198921453204,0.031486694211838334
2026-06-03,THO,GapDown,-0.09337113461807718,0.34347915274869495,-0.0616851262107096,-0.06155972330245259,0.13456612622773015,-0.029964886229144113
2026-06-03,LNT,Pullback50,0.001550177730704518,0.20925668852929302,0.031219085405999856,0.008475751749700682,-0.003939760524823336,0.012996159867876434
2026-06-03,ALL,Pullback50,-0.003278544233557633,0.21719157893593022,0.0668768522256155,0.0071653770241730886,-0.0020499019202564078,0.027132932234327306
2026-06-03,AME,Pullback50,0.0016686006963453545,0.24679981816991428,-0.028260939870393412,0.002322213442630876,0.0005260405807128527,-0.009989896811419222
2026-06-03,BIIB,Pullback50,-0.006037173005317182,0.3491576853945603,-0.008777307418725499,0.002500460387769142,0.04406203934619638,-0.017044353348878154
2026-06-03,CNP,Pullback50,0.003594572909762069,0.20972588387384958,0.028887836699370454,0.007462627630272276,-0.008118437056267056,0.007462627630272276
2026-06-03,CVX,Pullback50,0.007144741754660643,0.2619740841640239,0.0004743889869044349,-0.007168839608987009,0.004341189723481401,-0.0024774719522940663
2026-06-03,DRI,Pullback50,-0.004640127851518371,0.23835641923187367,0.0270842538027492,-0.024259834846141894,0.004661759009334652,-0.01144905544734602
2026-06-03,DOV,Pullback50,-0.007788868603701207,0.275366147942459,0.0011709053741369272,-0.00018731341464922401,0.015795194951554306,0.01255214277327194
2026-06-03,DTE,Pullback50,0.002453641293699784,0.23150732153257614,0.030040174458796615,0.00648743433772011,-0.008321695394449397,0.009167177677568786
2026-06-03,EA,Pullback50,-4.947530868627042e-05,0.030953332867593768,0.0028129697068276357,0.0037999753003864585,0.0031188360535272276,0.0028129697068276357
2026-06-04,AMAT,GapDown,-0.030173504169695702,0.5107879946416624,0.10153478413786718,-0.09705003240325587,0.0330272380347826,-0.004963166616239974
2026-06-04,CRWD,GapDown,-0.09836676805856423,0.5066575836931861,-0.038326213032200886,-0.0668483854996927,0.06678834400296343,-0.10313038897783666
2026-06-04,DELL,GapDown,-0.04562076581091871,1.1241761526855947,-0.07250320215847969,-0.06553719688317938,0.050215226120319464,-0.09541521189055407
2026-06-04,GNRC,GapDown,-0.03669693074303474,0.6042452688012845,-0.0748185337606862,-0.05968219324536114,0.012007052665252566,-0.061659680415778115
2026-06-04,HPE,GapDown,-0.038984647306713124,0.7762976366184443,-0.12832928574314534,-0.08362817048662222,0.013018842013377082,-0.10094985175779618
2026-06-04,INTC,GapDown,-0.0382397089309134,0.9995972177898003,0.046341030253573286,-0.1128108852036157,0.031180786031733073,-0.03453212249512464
2026-06-04,KLAC,GapDown,-0.033532414919063315,0.5209948667036195,0.13164094023811615,-0.09473981691887595,0.03761231983896715,0.0038806055428691347
2026-06-04,LRCX,GapDown,-0.04061564462299887,0.5283854510560768,0.07761360738646024,-0.09848105294586657,0.0201971301352824,-0.027496152544867005
2026-06-04,ON,GapDown,-0.04950339719702193,0.6695828010045825,-0.12031563767658962,-0.11045368213473943,0.03550670985155584,-0.11242608481858224
2026-06-04,PANW,GapDown,-0.03769214278174321,0.5415418813828733,0.0010026813940801254,-0.02578339196788272,0.03479587622523797,-0.06707255500923232
2026-06-04,QCOM,GapDown,-0.03870086928971558,0.9672990280457516,-0.1632930676273134,-0.10978275994038648,0.013029903594657225,-0.15315170067838924
2026-06-05,LULU,GapDown,-0.11599422091067317,0.5265964336092299,0.03974431544002263,0.029064165256567853,0.034410966596544586,0.041145030290825994
2026-06-05,GWRE,GapDown,-0.13256594250756304,0.7371528324222717,-0.09922093372217115,-0.06519179241766243,0.03759622124766225,-0.1430986444955538
2026-06-05,HIMS,GapDown,-0.032488391287972394,0.8348199905570347,0.02405495028330936,0.037418843919530716,-0.033579329690133275,0.060710199319020476
2026-06-05,ABNB,Pullback50,0.0022435166693026078,0.24725215493367378,-0.009435334507889174,0.006664665526389971,-0.0035816368529004734,-0.03324837056943487
2026-06-05,LNT,Pullback50,0.002381260266125766,0.2042463388073777,0.003293506994972473,-0.015918809089982982,0.018306389500861026,0.0017839611433809954
2026-06-05,CNP,Pullback50,0.005734807340918003,0.20899040877933786,0.00491925289120374,-0.01967674349050798,0.01425513119377366,0.001171306005302331
2026-06-05,CB,Pullback50,0.009825070002940393,0.17548536291229297,0.008869520164316608,-0.013455106469239284,0.027330812607039585,0.013209937623153247
2026-06-05,CHD,Pullback50,0.007331011388403045,0.2582269742546715,0.008476325335245019,-0.014368404179684312,0.02035650622164627,0.014988676965639727
2026-06-05,CINF,Pullback50,0.009211961350272331,0.1681516196968623,0.02250588996864686,-0.018391869160734927,0.01942761754250678,0.006896985743222057
2026-06-05,CL,Pullback50,0.010223299203073417,0.22719174376044138,0.009821574838605322,-0.02833599101767577,0.030359434375848624,0.01546618975917883
2026-06-05,DRI,Pullback50,0.007908605014987859,0.23430281294724653,0.06738343646545684,-0.01070056112172589,0.016052051571090235,0.027861924129343272
2026-06-05,DTE,Pullback50,0.0056751350532721345,0.22803649592650746,0.011319130258626511,-0.018247982645688433,0.015535816431890247,0.002057975724221757
2026-06-05,EVRG,Pullback50,0.0013432728192872287,0.20595897911081365,0.006965315893320409,-0.01897435169155512,0.015487763939834222,-0.005283953761854217
2026-06-05,HWM,Pullback50,-0.002366327090834439,0.3519472852764586,0.05069479889109368,-0.021238550910505714,0.012703981400399045,-0.009567242801564622
2026-06-05,IFF,Pullback50,-0.0035504518808333525,0.5730238945135121,0.07204487251810388,-0.0056156829425560925,0.0005481830184756729,0.016710063015574574
2026-06-05,PCAR,Pullback50,-0.0038112725451452155,0.31228829141998377,0.01576959490125237,0.015084008670099371,-0.007991858692874975,-0.023054528919871153
2026-06-05,PCG,Pullback50,0.0023781757582107847,0.256964200241621,-0.009351247323469373,-0.036820633877364284,0.014827994718250906,-0.02279376289216023
2026-06-05,PNW,Pullback50,0.0066679751847269365,0.18662345369209243,0.0036872199865563937,-0.01717442931298433,0.018882807749895855,0.0003881323158832953
2026-06-08,ABNB,Pullback50,0.0011233275633915649,0.24385444872507886,0.0336979415673364,-0.02291145384269973,0.00553512020989994,-0.026482167317971705
2026-06-08,BKR,Pullback50,0.018693052661654882,0.4017859266619186,-0.0367056969129896,-0.019895082876126582,0.016938488782749575,-0.02097465873636322
2026-06-08,CVX,Pullback50,0.007420849969386295,0.26160149960754175,-0.04671322838763613,-0.013105109460682777,0.002861730544012631,-0.018072278956200165
2026-06-08,FANG,Pullback50,0.014588296281931604,0.4008015089630872,-0.04157411887613089,-0.01997977556030051,0.014173895391053818,-0.03335015495523793
2026-06-08,DTE,Pullback50,-0.003635889977410953,0.22318506851986647,0.03444895704479726,0.019844789952723377,-0.01466541450187944,0.018726766048957476
2026-06-08,ETN,Pullback50,0.010582417577335631,0.43777326964416313,0.009723626451655296,-0.003522382735865882,0.007522579483901869,-0.023565013778859376
2026-06-08,XOM,Pullback50,0.00827111464987277,0.3117019059080791,-0.07136739262639004,-0.018714967630251236,0.0039031246599428126,-0.03393735681373559
2026-06-08,HAL,Pullback50,0.009443566334936648,0.32831402713894486,-0.05728394308207947,-0.021728421434944058,0.02402024731391776,-0.01827164638189622
2026-06-08,JNJ,Pullback50,0.0,0.19275338290686697,0.01507580954854728,0.020847675144487245,-0.0026206151959233853,0.026576490659972852
2026-06-08,L,Pullback50,-0.006972204165917522,0.247017988680205,0.02179859896182063,0.009247859924980381,-0.007957297103065607,0.013211300460053133
2026-06-08,OKE,Pullback50,0.003059452046078258,0.3447623747752309,-0.007941061435276467,-0.0040839546695399,-0.004179791360356779,0.01191146232771222
2026-06-08,SNPS,Pullback50,0.005227476914865576,0.49410327597268394,-0.04033962503237997,-0.017339743562887845,0.013268302138392201,-0.03630565608376362
2026-06-08,TXT,Pullback50,0.00010979900930432938,0.32206100279242694,0.02559334472714568,0.020343438560423498,0.003732615884887597,0.02537458820399058
2026-06-08,TT,Pullback50,0.01308994622682983,0.27193837499406853,0.029678363807797252,0.025799694917325842,-0.008426588813720659,0.002658417992257026
2026-06-08,TRV,Pullback50,-0.01144275391086691,0.19824844735424937,0.03714226787812453,0.01186261905039767,-0.010174087015105339,0.028444962386276074
2026-06-08,TFC,Pullback50,-0.0028455160056398594,0.2636852819531522,-0.007167771363788204,0.012287496449355229,-0.004688127513211674,0.037886512487176276
2026-06-08,AM,Pullback50,0.0,0.2032334154634947,0.0,-0.003281748479821673,-0.008829020911524729,0.0014065019574690761
2026-06-08,BKH,Pullback50,-0.004946422319176637,0.20393449071169525,0.02230226563101083,-0.06108884212448669,-0.0031758593393293928,-0.005679507525188944
2026-06-08,BURL,Pullback50,-0.0036902159129564138,0.49674773829932917,0.07197454173094148,0.03318475613928145,-0.005951642566011603,0.0903503029209793
2026-06-08,CFR,Pullback50,0.0017836757524827647,0.2287177949039002,0.02974786653213077,0.02016326741088965,0.003133697243289708,0.037344652317375
2026-06-08,CHRD,Pullback50,0.018473222176651257,0.3904802272299378,-0.07716789953455563,-0.030375329561472326,0.007211578539971292,-0.03276197757519784
2026-06-08,FAF,Pullback50,-0.0040620470513372045,0.2534063903599507,0.017646180116465047,0.019180605111565704,-0.015558894664333132,-0.005063707846042865
2026-06-08,KEX,Pullback50,0.00446642758165886,0.21530215800912075,0.0026124063011481314,0.010096678856746878,-0.0003528218206726016,-0.009249435242748655
2026-06-09,COIN,GapDown,-0.029979647104148036,0.689616781154752,0.08855308213801245,-0.009839220445639068,-0.011128775834658187,0.02752410790544614
2026-06-09,NOW,GapDown,-0.03397849899165584,0.7416800729581631,-0.052725056794304906,-0.008507092191499869,-0.030278274062298906,-0.04505935907095558
2026-06-09,NOVT,GapDown,-0.07916511376869444,0.6129964033575518,-0.034360343749709116,-0.037783954534980665,0.06158720645384355,-0.0007469350871237471
2026-06-09,ABNB,Pullback50,0.0011158905262699085,0.2438447156742776,0.07499041025520686,-0.017129805066219774,-0.02400056236879715,0.007080263666286639
2026-06-09,AME,Pullback50,0.009161332951708815,0.23421539510036019,0.010651348114965214,-0.034899921377222615,0.007806327278066182,-0.011662345395320685
2026-06-09,AVGO,Pullback50,0.012632330254542704,0.6139695475249646,-0.0393972155713569,-0.051152561034133064,-0.023530245845806718,-0.025729242408783857
2026-06-09,CB,Pullback50,2.353841684787977e-08,0.1905221800363253,0.014720844778725966,0.01676251388559083,0.010096930379950788,0.012406877799833195
2026-06-09,CL,Pullback50,-0.008365298283443841,0.2637442135345139,0.03257403771006251,0.024487401158938008,0.028705385136938023,0.01879264053683129
2026-06-09,DRI,Pullback50,0.0009694002112563776,0.2431427467713431,0.04051564999888356,0.013588152295942275,0.024058316743804476,0.05256083503115934
2026-06-09,DE,Pullback50,0.006920531192928493,0.3538320345254186,0.013787540404747872,-0.029930938605927174,-0.0005193424691115387,0.00025975330307987916
2026-06-09,EME,Pullback50,0.009674834546259439,0.3425394633817652,0.00844426053659735,-0.06168312448552419,-0.0047850106064506355,-0.005714128556500688
2026-06-09,GATX,VolumeSpike,0.011254876698203076,0.34630025549654875,0.018761707364194576,-0.019137428005835132,0.004245341652966924,-0.0027420431922989693
2026-06-10,JBHT,GapDown,-0.03600402608026105,0.3351877148816479,-0.04812113896927872,0.029884290822573465,0.014087028392645754,0.00858416264331033
2026-06-10,MU,GapDown,-0.032867120371168665,1.0590382971815053,0.1696527959984019,0.1165963915157383,-0.014638781090585414,0.2198838232474223
2026-06-10,NEM,GapDown,-0.041911885681413553,0.48734211241574105,0.13905359483316362,0.05195645002952001,-0.01737111487583991,0.14045496259770818
2026-06-10,ODFL,GapDown,-0.07192537971674834,0.409016946646418,-0.0745496781750294,0.05005296762595162,0.022136547788156394,0.006230138757007839
2026-06-10,ORCL,GapDown,-0.035518184953637184,0.6968306305703593,-0.08809498266649735,-0.08526278878904303,0.013904254442498426,-0.04283014683722808
2026-06-10,AA,GapDown,-0.03010634159540209,0.5783434157016453,-0.058276175921841485,0.05232647056427255,-0.0666381899683298,-0.02120517658177535
2026-06-10,BILL,GapDown,-0.03725434004338841,0.5963938683447626,-0.006174768962896975,-0.008027117210020583,-0.013101776635409085,0.035504833206216016
2026-06-10,HL,GapDown,-0.030323950869539328,0.7663824125682707,0.14306044469187937,0.06690388381654076,-0.001421428892902711,0.18576509759753493
2026-06-10,KNX,GapDown,-0.03883005820083966,0.49584475567954894,-0.07873814339141365,0.04037851038791404,0.02615559439678639,0.0
2026-06-10,PEGA,GapDown,-0.031615867130609494,0.4065155052981263,-0.08143422417507316,-0.0030385437430792686,-0.00513911651247203,-0.00577327947705612
2026-06-10,SAIA,GapDown,-0.08199455204230922,0.5065671484070767,-0.08160454142617977,0.050549928454478525,0.053863664106889204,0.022622363507058662
2026-06-10,XPO,GapDown,-0.0697776814968176,0.4048900102364791,-0.06691020802853914,0.05266808322834948,0.02153990375214133,0.020715856377155843
2026-06-10,GLW,Pullback50,-0.001609743448124855,0.9357169999768788,0.04299218532592083,0.04983055820928214,-0.03161352860412221,0.11720287166838352
2026-06-10,EA,Pullback50,0.002420019278464541,0.034086960877527876,-0.0008857907405731733,-0.0007381589504776444,0.0011331513334769726,-0.00039370980441040586
2026-06-10,FCX,Pullback50,-0.01634240057681785,0.5488527293292779,0.11243549487215726,0.0686210435113894,-0.017721501872853367,0.12967131419020642
2026-06-10,HAL,Pullback50,0.002524035626307932,0.3442375500910632,-0.08809463982699536,0.0007550661878307796,0.0002517200711462147,-0.039013321291704706
2026-06-10,NVDA,Pullback50,-0.018060472268274414,0.4455049332997505,0.021105656951325588,0.022203357892913632,-0.019615490145791118,0.06002394416327712
2026-06-10,OKE,Pullback50,0.007404049653722478,0.344921144997011,-0.05509548283740023,-0.015126451928875545,0.024084093109666593,-0.03444852332002745
2026-06-10,SNPS,Pullback50,-0.022331085984903416,0.41819337415868263,0.002605597053868289,-0.009228297045088207,0.012442849985387952,-0.013375610257123877
2026-06-11,ALGN,Pullback50,0.0,0.4259378416349813,0.03155632823954925,-0.009461210248242551,0.035249234644199046,0.017052914051891986
2026-06-11,AEE,Pullback50,0.007263040727304304,0.2151040381209901,0.003879890706192263,0.006928406466512702,-0.011956896566131726,0.020600492904698325
2026-06-11,CNP,Pullback50,0.0030415827869156066,0.20900766454664851,0.006345486782723716,0.008225670860024634,-0.007464420405810121,0.018801392512452903
2026-06-11,ED,Pullback50,0.01059479001686621,0.1993797642423903,-0.004492659528188629,0.008423825877273286,-0.017472885444224907,0.014320539696132431
2026-06-11,DOV,Pullback50,0.008794933248149847,0.2426742332374902,0.02306323421532621,-0.005033661784012409,0.013401963447543809,0.01876175411347713
2026-06-11,DUK,Pullback50,0.003998720380190836,0.18977405047836624,-0.002657233469420252,0.006280688976271533,-0.01075353245400622,0.015057533460229838
2026-06-11,EMR,Pullback50,0.012982268042981018,0.3721638461799307,0.060313938666302976,0.00689711458643193,0.023039793810242362,0.047293978421414924
2026-06-11,ETR,Pullback50,0.008598813535269203,0.2611465695634337,0.011102022272083553,0.011102022272083553,-0.013820343815038227,0.022750022876381035
2026-06-11,EXC,Pullback50,0.0017539578006334354,0.22113159224030007,0.006592025111454796,0.015381252224925824,-0.003939599706412741,0.02373108923064234
2026-06-11,FCX,Pullback50,0.015302785441719563,0.5455086160882495,0.03527289865026182,0.031203006308223875,0.05251463783434131,0.05743149530160836
2026-06-11,NI,Pullback50,0.005575773441510499,0.1839319271643722,0.01372800095048315,0.012655516218477913,-0.005758167227088468,0.023595073230815455
2026-06-11,NDSN,Pullback50,0.011810198720921759,0.2658841519497719,0.03896120454996684,0.009032603281296557,0.013375504602214696,0.025452479294346485
2026-06-11,NSC,Pullback50,0.00016190823724703443,0.24460799073059333,-0.03365218255276648,0.01088463239010532,0.005016466236831529,0.000901680289819209
2026-06-11,O,Pullback50,0.004186094332284881,0.1998100766672525,-0.026974611097743684,0.013083530532828362,-0.007375326156010172,0.0041996175444033905
2026-06-11,SO,Pullback50,0.005637166854020432,0.22031899599479798,-0.0019298843320925785,0.007826775846548307,-0.013537878026198638,0.011150433718865758
2026-06-11,SBUX,Pullback50,0.00202508043657502,0.3128341506278416,-0.015936617841922643,0.007430603688903303,0.03354890587650727,-0.005866234662514907
2026-06-11,ADC,Pullback50,0.001853560067669589,0.15161425837899994,-0.020460000057133738,0.014041228522305216,-0.011761588624085497,-0.0006685667715886974
2026-06-11,AM,Pullback50,0.006979973016652511,0.20218703108453248,0.016385695885770536,0.014513083196830515,-0.012938945803797633,0.004213490169296831
2026-06-11,BC,Pullback50,0.0050839034612026185,0.4415087558463373,0.023891164942699623,0.01151672115143469,0.03211938362057405,0.0071060301659257715
2026-06-11,BKH,Pullback50,0.016541489736269423,0.32423194819869816,0.013513530749500338,0.02396212385001065,-0.01846025604845756,0.024101468185488036
2026-06-11,FCFS,Pullback50,0.013602252590221475,0.367997315450027,0.03960627013283391,0.02971614319842952,0.017659909954587664,0.0064560609043683315
2026-06-11,FLR,Pullback50,0.011101632281590461,0.6710674530779193,0.06998999431180353,0.012163445206268244,0.0589104915450007,0.009970089427454653
2026-06-11,GBCI,Pullback50,0.004802663294375468,0.25943433407248023,-0.007785311563690554,0.023355856537063093,0.01433920317377746,0.011882769924993253
2026-06-11,GEF,Pullback50,0.011626067984018662,0.2597039146180455,0.03636669057883511,0.019528921102236224,0.02788844062592827,0.05426364060699273
2026-06-11,IDA,Pullback50,0.007130319866890354,0.21283285723006215,0.005721938206861583,0.010031069464786862,-0.007710683269860224,0.011090755519184725
2026-06-11,JHG,Pullback50,0.0013534356761808893,0.016739243797638956,0.0009646775090520857,0.00019290606173994937,0.0007723675385252008,-0.00019297966191611876
2026-06-11,LECO,Pullback50,0.012874219058168393,0.2907555001831874,0.06781769538827595,0.0019398642095053346,0.004951610103212187,0.06126094488815471
2026-06-11,NJR,Pullback50,0.006144882100831553,0.20210663347780433,0.011563896354786454,0.011196780753983884,-0.021375941545706885,0.004955955580622766
2026-06-11,NWE,Pullback50,0.0081755142874734,0.3277785816705165,0.015623932738461157,0.022890958138066055,-0.011808248972028946,0.02550694091462706
2026-06-11,OGE,Pullback50,0.005247691083185064,0.23123435861025565,-0.0004226639453224572,0.010143692843024884,-0.01190226982854015,0.011622976344201136
2026-06-11,OHI,Pullback50,0.0032707742953623727,0.2325220975554397,-0.01656360468682076,0.010821592130670235,-0.01586610669130757,0.004858684333792759
2026-06-11,RBC,Pullback50,0.014911462299673162,0.3457003148894878,0.05221737983697768,-0.006288491729568833,0.03778999231612318,0.02242122053227164
2026-06-11,ROIV,Pullback50,0.008095724867005903,0.527535434307032,0.0571813248945505,0.010427224287393882,0.0380586653567408,0.0228725299578202
2026-06-11,RRX,Pullback50,0.01681222463099726,0.6105787642286769,0.07356557887722505,0.005065290842668121,0.036404660496073084,0.053446283812457904
2026-06-11,SMG,Pullback50,0.006399414728572859,0.37607409566560496,0.045410493290035166,-0.003393711951277415,0.03547528122700992,0.019392384328153718
2026-06-11,STAG,Pullback50,0.006054212478929547,0.20985264203988707,-0.005263177972090871,0.020526283665707235,-0.005756180368302921,0.011842125340511924
2026-06-11,SWX,Pullback50,0.007772048331759559,0.20364601418271505,0.005226161456612866,0.011247506599877246,-0.016206600624268142,0.000568087408144106
2026-06-11,TEX,Pullback50,0.02251722719513206,0.5032339701197411,0.06435172019881634,0.016247220095519342,0.03171734352625483,0.0347244400695128
2026-06-11,TTC,Pullback50,0.010191816138520724,0.2294048377360618,0.008766325396664465,-0.01594195407132265,0.0003254369624382468,-0.011820735684560544
2026-06-11,KDP,VolumeSpike,-0.008832816830093187,0.17391843036262028,-0.015049597080425406,0.015369814360705513,-0.006047120738264077,0.02465580794245881
2026-06-11,ORCL,GapDown,-0.10727415744392911,0.6878011435807433,0.0010319781440439586,0.0001629482797518611,0.024656358767281426,0.022976619159700753
2026-06-11,GOOG,Pullback50,-0.0007642350437353542,0.39363201158372935,0.030569873152114242,0.004487340460149893,0.009941962574668879,0.040778574838677764
2026-06-11,XYZ,Pullback50,-0.0034518345643075083,0.4270232961666098,0.08235638649593784,0.0062237708491519874,0.04051196912944819,0.08090902103897583
2026-06-11,BA,Pullback50,0.004019121233926435,0.3631423751340238,0.004918090122621094,-0.011641031332462727,0.05618570697045406,0.026440466007524813
2026-06-11,BMY,Pullback50,0.006115110825877864,0.3055048678641118,-0.05096663353444631,0.004042171108408867,0.017161296437922347,-0.01722325712922652
2026-06-11,GLW,Pullback50,0.007908674826282354,0.8986683803412303,0.10404981478138015,0.015009877375688839,0.04159293835845317,0.004927754755871911
2026-06-11,DE,Pullback50,0.0029818461682987935,0.3641132346282445,0.03622674285184356,0.015545803307172854,0.012319383867820177,0.02928032313941205
2026-06-11,SATS,Pullback50,0.02160712894239734,0.5589371695376245,-0.14797475994173245,-0.10965427703376679,0.08833773234804217,-0.055880772568906896
2026-06-11,SATS,RSIRecovery,0.02160712894239734,0.5589371695376245,-0.14797475994173245,-0.10965427703376679,0.08833773234804217,-0.055880772568906896
2026-06-11,EA,Pullback50,-0.0008366051746969925,0.03556924552895197,-0.004432450833522143,0.0010834829716650943,9.852865380097392e-05,-0.00014774084632359377
2026-06-11,GEV,RSIRecovery,0.024195862152289763,0.41765961932809387,0.22442572895888416,0.03735149091604565,0.021079386251911417,0.08388040885539078
2026-06-11,KEYS,Pullback50,0.021512349446614582,0.36189099647679246,0.06952332068730652,0.03129139983717616,0.027374074765622657,0.030173837021610733
2026-06-11,LMT,Pullback50,0.006856834886318509,0.18797269281377396,-0.06876500140774205,-0.015218297910256693,0.0379478599823806,-0.02320110198782523
2026-06-11,MRNA,Pullback50,0.009567267028715902,0.6255402868308336,0.288477032048683,0.005439171254703436,0.06913631409377402,0.11603549973918044
2026-06-11,NVDA,Pullback50,0.005338825137184067,0.4562759630732996,0.028408295323527746,0.0015620019126554032,0.016774974102316504,0.012398148120562833
2026-06-11,PCAR,Pullback50,0.005790013812423712,0.2969313833854679,0.01165159972659282,0.007994512649883729,0.02555604244378853,0.029426765016079607
2026-06-11,PH,Pullback50,0.010095965168972447,0.2803885177435059,0.05640704443796616,0.0012300778589367327,0.020272706601111818,0.04005010676772794
2026-06-11,PFE,Pullback50,0.0074218957510308065,0.15569198538190895,-0.03668326285909737,0.001528429807493351,0.014734360111550679,-0.004967487978128097
2026-06-11,PCG,Pullback50,0.0023923993522771544,0.27898689695904166,-0.01846345183962005,0.009529472226778855,0.0017900170785086764,-0.0029780310710369753
2026-06-11,PWR,Pullback50,0.014210656060434295,0.5954278489404995,0.02774813414854083,0.03578277597107214,0.035021275907259695,0.05268626960391238
2026-06-11,RTX,Pullback50,0.0034383664830612047,0.25347995958175207,0.007545732256595154,-0.0036914820573594933,0.034771386882635986,0.013897168803485177
2026-06-11,TDY,Pullback50,0.009146088340056827,0.2892581920643075,-0.006653461447832666,0.003671523149775442,0.027815779124839204,0.010164697952636569
2026-06-11,TT,Pullback50,0.012468841655679196,0.3126144779948292,0.05054978595117029,-0.0041074772640269834,0.011919452439268698,0.03303338376486649
2026-06-11,WAB,Pullback50,0.014306929615293148,0.2713330991606172,0.04479373649667886,0.01186621356250142,0.007302332444200065,0.038269292683594226
2026-06-11,WY,Pullback50,-0.0012417502829049614,0.260828963439773,-0.0004110246162431002,0.021372809675063206,0.008288469535657421,0.018906740372534273
2026-06-11,AA,Pullback50,0.011899294324685134,0.6211884650243312,-0.1393158010637132,-0.003044457866731583,0.03995177827114451,-0.08857645879535428
2026-06-11,CYTK,Pullback50,0.006411216745673615,0.6266317854005458,0.13728890713296107,0.012703983332740414,0.026222172489872686,0.0857514469361652
2026-06-11,ESAB,RSIRecovery,0.008321303143306936,0.4298209822378724,0.19125064644462092,0.027145239792764595,0.06626002721068572,0.14974759669797413
2026-06-11,FOUR,MomReversal,-0.0022453502289193016,0.6159031149373949,-0.0012674077590264002,0.04385296600200685,0.10970468662663685,0.04689476396307296
2026-06-11,FOUR,RSIRecovery,-0.0022453502289193016,0.6159031149373949,-0.0012674077590264002,0.04385296600200685,0.10970468662663685,0.04689476396307296
2026-06-11,HL,RSIRecovery,0.0028469723352320614,0.76285119045842,0.0647098253395405,0.020013355257875703,0.06387506094987315,0.11541024473993575
2026-06-11,RNR,Pullback50,0.006830072958398787,0.2692804970472692,0.0047903615919944785,0.009156491705090758,0.0012761691803503657,0.009626641449885644
2026-06-11,SON,Pullback50,0.008573140529813856,0.3223936323171169,0.002968563813628367,0.0007916270827960697,0.0226674546720005,0.01365530295023394
2026-06-12,KLAC,GapDown,-0.01477830579887635,0.6930537000605589,0.05743698735601818,0.0073859518786432874,0.07129624051961056,-0.062112037304964715
2026-06-12,AEE,Pullback50,0.004157015688149538,0.21432782617346535,0.006421990350845757,0.005229354998387328,0.0027599177569495223,-0.0007339617527952982
2026-06-12,BG,Pullback50,0.002713952511159695,0.2956712760974385,-0.12384996639754707,-0.032790738609632365,0.012338762844084198,-0.08673428432894624
2026-06-12,CNP,Pullback50,0.00470037054114104,0.20834613875246064,0.005128144479742002,0.003962661139831502,0.003508807622898392,-0.006293716740331521
2026-06-12,CVX,Pullback50,-0.003982377914090278,0.26194856409716727,-0.06495034495686511,-0.036427770963311915,0.011562564126198133,-0.05149022180746802
2026-06-12,ED,Pullback50,0.002246401173630001,0.1994700639024318,-0.00761091248452647,-0.00018560092317516797,0.006163578832919255,-0.006497094506418032
2026-06-12,DE,Pullback50,0.001582659249653146,0.3662400250049376,0.03655546010371369,-0.0034806570506451875,0.013941080078183815,0.019030945844138603
2026-06-12,DUK,Pullback50,0.0040260889779425175,0.188537461031512,-0.011602821184869319,0.0024805757827134783,0.002245559177276067,-0.009922364180661522
2026-06-12,ETN,Pullback50,0.007392472909874689,0.5010609145983715,0.11341624075599444,0.04003674678372076,-0.013012163165732272,0.04662868064325273
2026-06-12,EOG,Pullback50,-0.0071046746456883,0.31479173421680323,-0.027954571796932698,-0.034174887504809896,0.008040693106530123,-0.024881039504911735
2026-06-12,EXC,Pullback50,0.0024170646980559295,0.22117078185550115,-0.0058429011710237535,-0.0006491837241121067,0.012932927803633228,-0.014066170180904653
2026-06-12,FE,Pullback50,0.007070963016970377,0.19879480489036364,-0.005741026254981088,0.006591566688015345,0.0006382718999335107,-0.018924078519011678
2026-06-12,FTV,Pullback50,-0.003509322988236523,0.2433150014314363,0.026449727333755307,0.0023278965165426115,0.008552713607209774,0.008979074772881835
2026-06-12,HAL,Pullback50,-0.010060305031879492,0.33231420581473475,-0.11186869888570376,-0.03585854100154302,0.006097506606908246,-0.08510098640753953
2026-06-12,KMI,Pullback50,0.0,0.24389654048784196,0.009705681301158103,-0.015028222966782216,0.01849489516637967,-0.01909832811997354
2026-06-12,LITE,Pullback50,-0.00018552260874976493,1.0004514893618737,-0.029981775419951163,0.038716950356249245,0.0361300955186398,-0.05597032990417343
2026-06-12,NI,Pullback50,0.004933495227496129,0.18319771783694744,0.008896462439896903,0.0055073531301122886,0.007684111463747836,-0.009320030401222772
2026-06-12,PFE,Pullback50,0.004585435188519583,0.16699877238174154,-0.043113285014803236,-0.00801217442991305,-0.003043051664841784,-0.011064441751564666
2026-06-12,O,Pullback50,0.004361176844276121,0.19968826415884974,-0.03411988756374656,-0.009247477993722292,0.008684479139225652,-0.03427936039595
2026-06-12,SRE,Pullback50,0.001966403179002286,0.2327881555177743,-0.007259716859802583,-0.003900739659368207,0.006214562660685577,-0.02210427466149421
2026-06-12,SO,Pullback50,0.0034308963904954443,0.2197638068919725,-0.006063826540683178,-0.001914896863572141,0.00438084921628939,-0.015638310858543884
2026-06-12,VTR,Pullback50,0.007986627414709298,0.26731775091100834,-0.0184396877864123,-0.01347517033345054,0.00047304773749107677,-0.028959775324247018
2026-06-12,VRSN,Pullback50,0.0016095492279730814,0.31298464174370433,-0.11504523391974823,-0.0247598086057625,-0.00046416102540461514,-0.05348529935770145
2026-06-12,VZ,Pullback50,0.010012808573788348,0.21804726253175283,-0.05716067273148813,-0.02161714617196601,0.01476483368893457,-0.04718354664238455
2026-06-12,WEC,Pullback50,0.0027416428710571594,0.20077952837915383,-0.0035261064639478834,0.004936508696594912,0.0005292396316976655,-0.00793372273016102
2026-06-12,XEL,Pullback50,0.0019164713717770047,0.2625331437411099,0.0023274277256356084,0.00919530928124149,0.010201518368239617,-0.014842227647000262
2026-06-12,ADC,Pullback50,0.005081637991651128,0.1531604715836515,-0.03217726997874072,-0.017934861895184617,0.008914291329167146,-0.026638589261297953
2026-06-12,AM,Pullback50,-0.001404526488214086,0.199857923979658,0.008306428451409833,-0.015689900848677718,0.015939997834224846,-0.01292112070418572
2026-06-12,BKH,Pullback50,0.0026470109311432784,0.32249683601847645,-0.007891181374893707,0.00408167417357568,0.021258840535586243,-0.019863933122076956
2026-06-12,CHH,Pullback50,0.013592766359691455,0.6366380512802504,0.0029207712847299015,0.02227092456899073,0.006337786301134094,0.03860901288055749
2026-06-12,CRUS,Pullback50,-0.0009206033463884815,0.43708790076984166,0.00804441071167202,0.011274338136409802,0.008047656766295305,-0.02327985953247047
2026-06-12,GLPI,Pullback50,0.0063761794245523005,0.17069017984778784,-0.06909632419734657,-0.015378123519363908,0.002534376989423097,-0.046555779278262835
2026-06-12,GTLS,Pullback50,-9.687767896155996e-05,0.029066095814041376,0.01088376165288273,-0.00019345661954892057,0.001259236234313866,0.0008223198009898986
2026-06-12,IDA,Pullback50,0.0048742755955519705,0.21121748713180533,-0.0018183977801438731,-0.0002797124585807319,0.005131780158446836,-0.007203796405614867
2026-06-12,KEX,Pullback50,0.0034919484663569382,0.221818002787584,-0.014642245652888823,-0.009900977458335963,0.018535620024178263,-0.022312069370358435
2026-06-12,MUR,Pullback50,-0.015328660089873828,0.4551027720114694,-0.11380025659830167,-0.06153448455867715,0.02480207358480273,-0.09191554276001596
2026-06-12,NWE,Pullback50,0.0014396832461663644,0.32548336820988066,-0.005967686405239414,0.005541229514025597,0.02142043624870685,-0.01619788206808394
2026-06-12,OGE,Pullback50,0.002535903057030047,0.23156693262394465,-0.0023012680357173783,0.002719687660882665,0.00758854596907345,-0.0096234119626514
2026-06-12,OVV,Pullback50,-0.01751282857122934,0.3561165472151013,-0.0442695105239585,-0.04969378961961829,0.034389625781913305,-0.06194227158374345
2026-06-12,POR,Pullback50,0.004595335551898323,0.2525925500392769,-0.01044957330421244,-0.005126157007448115,0.00875104319985435,-0.018138808815384613
2026-06-12,SWX,Pullback50,0.0034083510929268437,0.20466518245116844,-0.005167948246632151,-0.006628513123526846,0.007812527669728762,-0.021458303744180347
2026-06-12,ADBE,GapDown,-0.07495433695855098,0.4723342415550994,-0.04470154977448749,0.011469445588118158,0.00800400407524272,-0.03793748324221962
2026-06-12,LEN,VolumeSpike,-0.018536014359171817,0.3953687488639255,-0.031672209453993905,-0.006090842006312712,-0.03101190378727097,-0.042303428191853835
2026-06-12,STZ,Pullback50,0.0005589843053668464,0.31459069995710637,-0.0471348748159693,-0.0025586804799588524,0.03708098932790467,-0.06430535415937386
2026-06-12,L,Pullback50,0.0031665859103412225,0.2462005400660759,9.243901759199182e-05,0.0014798004869630995,0.003806551532767403,-0.004069574826385765
2026-06-12,MRNA,Pullback50,0.006849318226599168,0.6573228227028697,0.18904030058377633,0.04448008870948202,-0.0014005541309592146,0.23822880036063449
2026-06-12,PCAR,Pullback50,0.005698232339781744,0.3094851146236863,0.01349988313224634,0.0183091955771397,0.002283269708806818,-0.009956128405314235
2026-06-12,PCG,Pullback50,0.004169129899182032,0.2786214021480853,-0.018879149720896955,-0.02182895708432011,0.005338087148860071,-0.03008850772425524
2026-06-12,WBD,Pullback50,-0.00297840364438501,0.14113003764791257,-0.001111889540617407,-0.005559659787816298,0.007468216970231616,-0.027427716222148856
2026-06-12,COKE,Pullback50,0.002415442516751701,0.621737679024393,-0.04784717399737964,-0.013092802820045771,0.006104414402401272,-0.02261961793499345
2026-06-12,DTM,Pullback50,0.0021377745046006614,0.2614172031135079,0.02545242351942065,-0.0053026017184261524,0.012017367437443707,-0.003747163250484497
2026-06-12,IPGP,Pullback50,0.0003597528073481518,1.1349843548243186,0.029219349581647663,0.046750985948671775,0.03074708321252716,-0.00880943848921354
2026-06-12,NXT,Pullback50,0.02615305185023973,0.9015423905354287,0.05899253554995585,0.03240896510215458,-0.007572675870562327,0.011732854753864697
2026-06-12,PBF,Pullback50,-0.009968388931794829,0.5758339344767596,-0.062067283647743075,-0.05323465205844309,0.028732763601943472,-0.09835280477236939
2026-06-12,PNFP,Pullback50,0.008854297524744054,0.22735335950531782,0.0011415588382607958,-0.0029057573425004305,0.01892778810726072,-0.008094632361522452
2026-06-12,RGA,Pullback50,0.0074692433777682,0.23031979752726844,-0.0061772538399111196,-0.00028509175321349956,0.013142671439898721,0.006557400346039904
2026-06-16,AEE,Pullback50,0.003103075369463719,0.20649393316817574,0.02570597620924484,-0.014120249281205123,0.005186058373508377,-0.007060159168998196
2026-06-16,ED,Pullback50,-0.0002784884789911181,0.18645828475833587,0.02168495353475676,-0.012272785801849909,0.006314423713991157,-0.013380128641571449
2026-06-16,DUK,Pullback50,-0.0020753682851522774,0.17466867938413255,0.0037283930652518412,-0.018483216300057084,0.00831867655937121,-0.02014914298524185
2026-06-16,EA,Pullback50,-0.0005415548099442355,0.03520877035037988,0.0073884344814954305,0.0,4.9306762700606554e-05,-0.00024629618119161506
2026-06-16,EME,Pullback50,0.009937071397945673,0.3388613740788032,0.014854346812633767,-0.008709008902035494,-0.018691106655147522,0.04086153617581564
2026-06-16,FTV,Pullback50,0.004147273396307661,0.22172566876285635,-0.015962406995566916,-0.012208974398660739,0.014868685677005729,0.004894803313393844
2026-06-16,HUBB,Pullback50,0.014130199814014331,0.2730012852420672,0.03089624782228709,0.012374418176127683,0.012080942461967625,0.07309265134402719
2026-06-16,PCG,Pullback50,0.0018094503488273776,0.282661758719711,0.02270018359085389,-0.017921101622602242,0.007826559662230502,-0.006571123766760656
2026-06-16,PSX,Pullback50,-0.015064069566552972,0.31889237218745015,-0.019534887269485827,-0.028081405994503997,0.007910964850866233,-0.020872071731922237
2026-06-16,SRE,Pullback50,0.001087699349364214,0.2200748800686362,0.010461082041851026,-0.016563086843944683,-0.002825188956635743,-0.0016344132406228052
2026-06-16,TDY,Pullback50,0.004185542437615855,0.2970748621635087,-0.02840958021487219,-0.02336253363462622,-0.0014263172903511885,-0.02129919335019331
2026-06-16,DINO,Pullback50,-0.012788113165078996,0.4032968980029746,-0.012316005891753357,-0.010063054228286421,0.0028619135886884086,-0.011114530982468436
2026-06-16,GTLS,Pullback50,0.00024192293370351898,0.02933264579281111,0.006753467804507606,-0.001929614806486833,0.0027087043809344707,0.008104161365409129
2026-06-16,IDA,Pullback50,-0.0007695579157181964,0.20060818892618631,0.028924748469323792,-0.008244308630719621,0.002100420415261695,-0.002864554238260978
2026-06-16,NOV,Pullback50,-0.01218323559566069,0.39288807069266585,-0.08066126136525652,-0.03306612613652565,-0.015293604651709867,-0.06412819829699369
2026-06-16,NWE,Pullback50,0.0021195638405276432,0.3302731060072589,0.016865114549048273,-0.018707479315430493,-0.005076150869236779,-0.008503380029496866
2026-06-16,POR,Pullback50,0.00257626156241095,0.21633137814739462,0.025398776172948122,-0.019492038140408383,0.003953365533429832,-0.011813400154705342
2026-06-16,BALL,Pullback50,0.002092462942892351,0.3109379135459708,0.047946399404909835,-0.008076944786008853,0.012528230219464235,0.0001718875488317645
2026-06-16,ETR,Pullback50,0.0007202181286993944,0.24544421930201835,0.02046448139735155,-0.013613300005389928,0.011065092542438678,-0.0016905635949647489
2026-06-16,EXC,Pullback50,0.0036812076184906256,0.21396309052843165,0.006653817820899841,-0.022107722170498053,0.0051780299108488345,-0.013951524441941887
2026-06-16,FE,Pullback50,0.0021123462990869303,0.1782299408665542,0.0025157008378498577,-0.03270443078279906,0.00548065227143759,-0.01970654981910578
2026-06-16,HSY,MomReversal,0.0008281922366456108,0.29531256537704914,0.0028489425898525042,-0.039502556131350314,0.006951394702693101,-0.06371906974893307
2026-06-16,SO,Pullback50,0.0008527161726168815,0.19734728280975924,0.015586907631821639,-0.018873913957965928,0.00436630485678798,-0.009330901030627598
2026-06-16,TFC,Pullback50,0.009694744743007981,0.3257203443261137,0.013433743803446427,-0.019540054514530673,0.003677227831874955,-0.007531095838346286
2026-06-16,VLO,Pullback50,-0.013028002803824056,0.3944286410114171,-0.006963552914551783,-0.017859339381263085,0.0007788900529009713,-0.001433687365400395
2026-06-16,WEC,Pullback50,0.001228064821477522,0.18103787588765397,0.008197457542654949,-0.018575017767767002,0.004643409691002167,-0.014214679335884049
2026-06-16,KNF,Pullback50,0.012373175003414914,0.5499294520558642,0.10623782926627497,0.01681283165975578,0.0031777332828188216,0.0659112562381546
2026-06-16,NVST,Pullback50,0.0048621932901516205,0.422576406557215,0.05212124911221591,0.004444469105113636,-0.0020160983305930577,0.030707079954821654
2026-06-16,RNR,Pullback50,0.004707760688335672,0.25407606797987153,0.03150261695275353,0.008017044607786008,0.0061248630421790766,0.001064526595297566
