date,time,ticker,strategy,pnl_pct,pnl_dollar,dollars,hold_days,reason,method,fractional
2026-06-11,2026-06-11 13:31:27,ORCL,GapDown,-13.91,-2.81,17.26,1,stop_loss (-13.9%),,True
2026-06-12,2026-06-12 13:59:03,SATS,RSIRecovery,-6.95,-0.68,9.15,1,stop_loss (-7.0%),,True
2026-05-27,2026-05-27 13:31:44,APA,Pullback50,-6.86,-1.44,19.48,1,stop_loss (-6.9%),,True
2026-06-10,2026-06-10 13:31:24,NOW,GapDown,-5.98,-1.21,19.07,1,stop_loss (-6.0%),,True
2026-06-10,2026-06-10 13:30:56,COIN,GapDown,-5.95,-1.21,19.11,1,stop_loss (-5.9%),,True
2026-06-11,2026-06-11 13:30:41,AA,GapDown,-5.93,-1.2,18.97,1,stop_loss (-5.9%),,True
2026-06-11,2026-06-11 13:30:48,BILL,GapDown,-5.73,-1.16,19.01,1,stop_loss (-5.7%),,True
2026-06-15,2026-06-15 13:39:50,MUR,Pullback50,-5.69,-0.17,2.84,3,stop_loss (-5.7%),,True
2026-06-15,2026-06-15 13:41:54,PBF,Pullback50,-5.17,-0.84,15.42,3,stop_loss (-5.2%),,True
2026-06-15,2026-06-15 13:41:46,OVV,Pullback50,-5.11,-0.15,2.85,3,stop_loss (-5.1%),,True
2026-05-27,2026-05-27 13:34:30,OXY,Pullback50,-5.08,-1.07,19.96,1,stop_loss (-5.1%),,True
2026-06-10,2026-06-10 13:30:50,AVGO,Pullback50,-5.04,-1.02,19.28,1,stop_loss (-5.0%),,True
2026-06-15,2026-06-15 13:34:02,EOG,Pullback50,-5.04,-0.15,2.83,3,stop_loss (-5.0%),,True
2026-06-10,2026-06-10 13:30:38,ABNB,Pullback50,-4.96,-1.01,19.31,1,stop_loss (-5.0%),,True
2026-06-11,2026-06-11 13:31:34,PEGA,GapDown,-4.7,-0.95,19.22,1,stop_loss (-4.7%),,True
2026-06-08,2026-06-08 13:34:17,GWRE,GapDown,-4.66,-0.96,19.64,3,stop_loss (-4.7%),,True
2026-05-27,2026-05-27 13:32:47,CVX,Pullback50,-4.36,-0.92,20.0,1,stop_loss (-4.4%),,True
2026-06-15,2026-06-15 13:32:54,CVX,Pullback50,-4.22,-0.13,2.85,3,stop_loss (-4.2%),,True
2026-06-01,2026-06-01 13:32:14,JCI,Pullback50,-4.05,-0.84,19.93,3,stop_loss (-4.0%),,True
2026-06-15,2026-06-15 13:36:22,HAL,Pullback50,-3.89,-0.12,2.88,3,stop_loss (-3.9%),,True
2026-06-10,2026-06-10 13:31:12,EME,Pullback50,-3.87,-0.79,19.53,1,stop_loss (-3.9%),,True
2026-05-27,2026-05-27 13:32:06,AZO,VolumeSpike,-3.86,-0.81,20.22,1,stop_loss (-3.9%),,True
2026-06-05,2026-06-05 13:31:01,INTC,GapDown,-3.83,-0.79,19.79,1,stop_loss (-3.8%),,True
2026-05-27,2026-05-27 13:34:51,XOM,Pullback50,-3.73,-0.79,20.12,1,stop_loss (-3.7%),,True
2026-06-11,2026-06-11 13:31:01,GLW,Pullback50,-3.68,-0.74,19.43,1,stop_loss (-3.7%),,True
2026-05-28,2026-05-28 13:31:17,AMCR,Pullback50,-3.66,-0.76,20.0,1,stop_loss (-3.7%),,True
2026-06-11,2026-06-11 13:31:16,NEM,GapDown,-3.54,-0.71,19.46,1,stop_loss (-3.5%),,True
2026-06-03,2026-06-03 13:31:08,OKTA,GapDown,-3.29,-0.7,20.42,1,stop_loss (-3.3%),,True
2026-06-05,2026-06-05 13:31:11,LRCX,GapDown,-3.25,-0.67,19.89,1,stop_loss (-3.3%),,True
2026-06-16,2026-06-16 13:31:19,APA,GapDown,-3.22,-0.26,7.8,1,stop_loss (-3.2%),,True
2026-06-02,2026-06-02 13:31:05,INTC,GapDown,-3.14,-0.64,19.98,1,stop_loss (-3.1%),,True
2026-06-03,2026-06-03 13:31:13,PANW,GapDown,-3.1,-0.62,19.5,1,stop_loss (-3.1%),,True
2026-06-11,2026-06-11 13:31:11,MU,GapDown,-2.88,-0.58,19.65,1,stop_loss (-2.9%),,True
2026-06-16,2026-06-16 13:33:16,VAL,GapDown,-2.83,-0.23,7.88,1,stop_loss (-2.8%),,True
2026-06-16,2026-06-16 13:31:54,FISV,GapDown,-2.8,-0.23,7.88,1,stop_loss (-2.8%),,True
2026-06-15,2026-06-15 13:38:02,KMI,Pullback50,-2.77,-0.08,2.94,3,stop_loss (-2.8%),,True
2026-06-16,2026-06-16 13:33:06,TPL,GapDown,-2.74,-0.22,7.83,1,stop_loss (-2.7%),,True
2026-06-16,2026-06-16 13:33:11,TRGP,GapDown,-2.71,-0.22,7.89,1,stop_loss (-2.7%),,True
2026-06-05,2026-06-05 13:30:51,GNRC,GapDown,-2.7,-0.56,20.01,1,stop_loss (-2.7%),,True
2026-06-01,2026-06-01 13:31:09,AMCR,Pullback50,-2.69,-0.56,20.01,3,stop_loss (-2.7%),,True
2026-06-02,2026-06-02 13:30:49,DGX,Pullback50,-2.69,-0.55,19.95,1,stop_loss (-2.7%),,True
2026-06-11,2026-06-11 13:31:39,SNPS,Pullback50,-2.69,-0.54,19.61,1,stop_loss (-2.7%),,True
2026-06-11,2026-06-11 13:31:06,HL,GapDown,-2.63,-0.15,5.55,1,stop_loss (-2.6%),,True
2026-06-03,2026-06-03 13:30:38,APPF,GapDown,-2.62,-0.56,20.68,1,stop_loss (-2.6%),,True
2026-06-16,2026-06-16 13:30:59,AGCO,Pullback50,-2.62,-0.21,7.83,1,stop_loss (-2.6%),,True
2026-06-01,2026-06-01 13:31:58,FAST,Pullback50,-2.61,-0.54,20.21,3,stop_loss (-2.6%),,True
2026-06-16,2026-06-16 13:31:44,DVN,GapDown,-2.54,-0.2,7.85,1,stop_loss (-2.5%),,True
2026-06-15,2026-06-15 13:31:39,AM,Pullback50,-2.53,-0.08,2.93,3,stop_loss (-2.5%),,True
2026-06-12,2026-06-12 13:31:55,NWE,Pullback50,-2.45,-0.18,7.21,1,stop_loss (-2.4%),,True
2026-06-01,2026-06-01 13:31:21,CASY,Pullback50,-2.42,-0.5,20.19,3,stop_loss (-2.4%),,True
