timestamp,date,action,ticker,strategy,expected_price,order_price,actual_price,filled_dollars,slippage_pct,slippage_dollar,execution_method,exit_reason,regime
2026-06-10 13:30:38,2026-06-10,SELL,ABNB,Pullback50,129.635,129.38,129.5,19.31,-0.1041,-0.0201,market_fallback,stop_loss (-5.0%),bull
2026-06-10 13:30:45,2026-06-10,SELL,AME,Pullback50,228.37,227.91,228.37,20.13,0.0,0.0,market_fallback,stop_loss (-1.0%),bull
2026-06-10 13:30:50,2026-06-10,SELL,AVGO,Pullback50,383.295,382.53,383.16,19.28,-0.0352,-0.0068,limit_fill_position_check,stop_loss (-5.0%),bull
2026-06-10 13:30:56,2026-06-10,SELL,COIN,GapDown,154.1479,153.84,154.172,19.11,0.0156,0.003,limit_fill_position_check,stop_loss (-5.9%),bull
2026-06-10 13:31:03,2026-06-10,SELL,DE,Pullback50,577.0,575.85,577.0,20.21,0.0,0.0,market_fallback,stop_loss (-0.6%),bull
2026-06-10 13:31:12,2026-06-10,SELL,EME,Pullback50,812.23,810.61,812.23,19.53,0.0,0.0,market_fallback,stop_loss (-3.9%),bull
2026-06-10 13:31:19,2026-06-10,SELL,NOVT,GapDown,158.87,158.55,159.57,19.97,0.4406,0.088,market_fallback,stop_loss (-1.7%),bull
2026-06-10 13:31:24,2026-06-10,SELL,NOW,GapDown,105.095,104.88,105.038,19.07,-0.0542,-0.0103,limit_fill_position_check,stop_loss (-6.0%),bull
2026-06-10 13:45:59,2026-06-10,SELL,CB,Pullback50,327.01,327.0,327.064,20.59,0.0165,0.0034,limit_fill_position_check,midline (+1.3%),bull
2026-06-10 13:46:29,2026-06-10,SELL,DRI,Pullback50,203.055,202.65,202.698,20.66,-0.1758,-0.0363,limit_fill_position_check,midline (+1.8%),bull
2026-06-10 13:47:02,2026-06-10,SELL,GATX,VolumeSpike,175.76,175.41,175.76,20.83,0.0,0.0,market_fallback,midline (+0.7%),bull
2026-06-10 13:50:47,2026-06-10,BUY,JBHT,GapDown,279.01,279.01,279.01,20.18,0.0,0.0,market_submit,,bull
2026-06-10 13:50:58,2026-06-10,BUY,MU,GapDown,927.52,927.52,927.52,20.18,0.0,0.0,market_submit,,bull
2026-06-10 13:51:08,2026-06-10,BUY,NEM,GapDown,96.74,96.74,96.74,20.18,0.0,0.0,market_submit,,bull
2026-06-10 13:51:18,2026-06-10,BUY,ODFL,GapDown,233.18,233.18,233.18,20.18,0.0,0.0,market_submit,,bull
2026-06-10 13:51:29,2026-06-10,BUY,ORCL,GapDown,208.48,208.48,208.48,20.18,0.0,0.0,market_submit,,bull
2026-06-10 13:51:39,2026-06-10,BUY,AA,GapDown,71.16,71.16,71.16,20.18,0.0,0.0,market_submit,,bull
2026-06-10 13:51:49,2026-06-10,BUY,BILL,GapDown,33.99,33.99,33.99,20.18,0.0,0.0,market_submit,,bull
2026-06-10 13:51:59,2026-06-10,BUY,HL,GapDown,14.46,14.46,14.46,20.18,0.0,0.0,market_submit,,bull
2026-06-10 13:52:10,2026-06-10,BUY,KNX,GapDown,78.78,78.78,78.78,20.18,0.0,0.0,market_submit,,bull
2026-06-10 13:52:20,2026-06-10,BUY,PEGA,GapDown,33.82,33.82,33.82,20.18,0.0,0.0,market_submit,,bull
2026-06-10 13:52:30,2026-06-10,BUY,SAIA,GapDown,453.83,453.83,453.83,20.18,0.0,0.0,market_submit,,bull
2026-06-10 13:52:41,2026-06-10,BUY,XPO,GapDown,216.91,216.91,216.91,20.18,0.0,0.0,market_submit,,bull
2026-06-10 13:52:51,2026-06-10,BUY,GLW,Pullback50,176.95,176.95,176.95,20.18,0.0,0.0,market_submit,,bull
2026-06-10 13:53:01,2026-06-10,BUY,EA,Pullback50,203.38,203.38,203.38,20.18,0.0,0.0,market_submit,,bull
2026-06-10 13:53:11,2026-06-10,BUY,FCX,Pullback50,64.4,64.4,64.4,20.18,0.0,0.0,market_submit,,bull
2026-06-10 13:53:22,2026-06-10,BUY,HAL,Pullback50,40.08,40.08,40.08,20.18,0.0,0.0,market_submit,,bull
2026-06-10 13:53:32,2026-06-10,BUY,NVDA,Pullback50,205.61,205.61,205.61,20.18,0.0,0.0,market_submit,,bull
2026-06-10 13:53:42,2026-06-10,BUY,OKE,Pullback50,88.96,88.96,88.96,20.18,0.0,0.0,market_submit,,bull
2026-06-10 13:53:53,2026-06-10,BUY,SNPS,Pullback50,471.23,471.23,471.23,20.18,0.0,0.0,market_submit,,bull
2026-06-10 19:46:02,2026-06-10,SELL,CL,Pullback50,89.695,89.68,89.686,21.05,-0.01,-0.0021,limit_fill_position_check,midline (+3.6%),bull
2026-06-11 13:30:41,2026-06-11,SELL,AA,GapDown,66.735,66.6,66.7225,18.97,-0.0187,-0.0036,market_fallback,stop_loss (-5.9%),bull
2026-06-11 13:30:48,2026-06-11,SELL,BILL,GapDown,31.95,31.89,31.91,19.01,-0.1252,-0.0238,market_fallback,stop_loss (-5.7%),bull
2026-06-11 13:30:53,2026-06-11,SELL,FCX,Pullback50,63.07,62.94,62.972,19.71,-0.1554,-0.0306,limit_fill_position_check,stop_loss (-2.2%),bull
2026-06-11 13:31:01,2026-06-11,SELL,GLW,Pullback50,170.0,169.66,170.0,19.43,0.0,0.0,market_fallback,stop_loss (-3.7%),bull
2026-06-11 13:31:06,2026-06-11,SELL,HL,GapDown,14.0805,14.07,14.084,5.55,0.0249,0.0014,limit_fill_position_check,stop_loss (-2.6%),bull
2026-06-11 13:31:11,2026-06-11,SELL,MU,GapDown,905.995,905.25,905.548,19.65,-0.0493,-0.0097,limit_fill_position_check,stop_loss (-2.9%),bull
2026-06-11 13:31:16,2026-06-11,SELL,NEM,GapDown,93.21,93.02,93.174,19.46,-0.0386,-0.0075,limit_fill_position_check,stop_loss (-3.5%),bull
2026-06-11 13:31:21,2026-06-11,SELL,NVDA,Pullback50,202.405,202.34,202.37,19.89,-0.0173,-0.0034,limit_fill_position_check,stop_loss (-1.4%),bull
2026-06-11 13:31:27,2026-06-11,SELL,ORCL,GapDown,177.47,177.12,177.29,17.26,-0.1014,-0.0175,limit_fill_position_check,stop_loss (-13.9%),bull
2026-06-11 13:31:34,2026-06-11,SELL,PEGA,GapDown,32.38,32.32,32.375,19.22,-0.0154,-0.003,market_fallback,stop_loss (-4.7%),bull
2026-06-11 13:31:39,2026-06-11,SELL,SNPS,Pullback50,456.32,455.41,455.492,19.61,-0.1815,-0.0356,limit_fill_position_check,stop_loss (-2.7%),bull
2026-06-11 13:46:08,2026-06-11,SELL,EA,Pullback50,202.92,202.92,202.942,20.11,0.0108,0.0022,limit_fill_position_check,midline (-0.3%),bull
2026-06-11 13:46:14,2026-06-11,SELL,HAL,Pullback50,39.89,39.88,39.898,20.03,0.0201,0.004,limit_fill_position_check,stop_loss (-0.6%),bull
2026-06-11 13:46:45,2026-06-11,SELL,JBHT,GapDown,284.4,283.83,283.914,20.53,-0.1709,-0.0351,limit_fill_position_check,midline (+1.4%),bull
2026-06-11 13:47:15,2026-06-11,SELL,KNX,GapDown,80.48,80.32,80.538,20.76,0.0721,0.015,limit_fill_position_check,midline (+2.4%),bull
2026-06-11 13:47:46,2026-06-11,SELL,ODFL,GapDown,240.39,239.91,240.294,20.84,-0.0399,-0.0083,limit_fill_position_check,midline (+3.2%),bull
2026-06-11 13:48:17,2026-06-11,SELL,OKE,Pullback50,91.06,90.88,90.968,20.56,-0.101,-0.0208,limit_fill_position_check,midline (+2.0%),bull
2026-06-11 13:48:48,2026-06-11,SELL,SAIA,GapDown,476.2475,475.3,475.382,21.21,-0.1817,-0.0385,limit_fill_position_check,midline (+4.8%),bull
2026-06-11 13:49:21,2026-06-11,SELL,XPO,GapDown,219.76,219.32,219.405,20.51,-0.1615,-0.0331,market_fallback,midline (+1.7%),bull
2026-06-11 13:53:08,2026-06-11,BUY,ALGN,Pullback50,171.73,171.73,171.73,7.4,0.0,0.0,market_submit,,bull
2026-06-11 13:53:19,2026-06-11,BUY,AEE,Pullback50,109.71,109.71,109.71,7.4,0.0,0.0,market_submit,,bull
2026-06-11 13:53:29,2026-06-11,BUY,CNP,Pullback50,43.02,43.02,43.02,7.4,0.0,0.0,market_submit,,bull
2026-06-11 13:53:40,2026-06-11,BUY,ED,Pullback50,108.78,108.78,108.78,7.4,0.0,0.0,market_submit,,bull
2026-06-11 13:53:50,2026-06-11,BUY,DOV,Pullback50,216.35,216.35,216.35,7.4,0.0,0.0,market_submit,,bull
2026-06-11 13:54:01,2026-06-11,BUY,DUK,Pullback50,125.92,125.92,125.92,7.4,0.0,0.0,market_submit,,bull
2026-06-11 13:54:12,2026-06-11,BUY,EMR,Pullback50,138.9,138.9,138.9,7.4,0.0,0.0,market_submit,,bull
2026-06-11 13:54:22,2026-06-11,BUY,ETR,Pullback50,111.78,111.78,111.78,7.4,0.0,0.0,market_submit,,bull
2026-06-11 13:54:33,2026-06-11,BUY,EXC,Pullback50,45.9,45.9,45.9,7.4,0.0,0.0,market_submit,,bull
2026-06-11 13:54:44,2026-06-11,BUY,FCX,Pullback50,64.1,64.1,64.1,7.4,0.0,0.0,market_submit,,bull
2026-06-11 13:54:54,2026-06-11,BUY,NI,Pullback50,47.04,47.04,47.04,7.4,0.0,0.0,market_submit,,bull
2026-06-11 13:55:05,2026-06-11,BUY,NDSN,Pullback50,282.25,282.25,282.25,7.4,0.0,0.0,market_submit,,bull
2026-06-11 13:55:16,2026-06-11,BUY,NSC,Pullback50,309.27,309.27,309.27,7.4,0.0,0.0,market_submit,,bull
2026-06-11 13:55:26,2026-06-11,BUY,O,Pullback50,62.44,62.44,62.44,7.4,0.0,0.0,market_submit,,bull
2026-06-11 13:55:37,2026-06-11,BUY,SO,Pullback50,94.65,94.65,94.65,7.4,0.0,0.0,market_submit,,bull
2026-06-11 13:55:48,2026-06-11,BUY,SBUX,Pullback50,100.26,100.26,100.26,7.4,0.0,0.0,market_submit,,bull
2026-06-11 13:55:58,2026-06-11,BUY,ADC,Pullback50,75.83,75.83,75.83,7.4,0.0,0.0,market_submit,,bull
2026-06-11 13:56:09,2026-06-11,BUY,AM,Pullback50,21.75,21.75,21.75,7.4,0.0,0.0,market_submit,,bull
2026-06-11 13:56:19,2026-06-11,BUY,BC,Pullback50,79.14,79.14,79.14,7.4,0.0,0.0,market_submit,,bull
2026-06-11 13:56:30,2026-06-11,BUY,BKH,Pullback50,73.63,73.63,73.63,7.4,0.0,0.0,market_submit,,bull
2026-06-11 13:56:41,2026-06-11,BUY,FCFS,Pullback50,215.88,215.88,215.88,7.4,0.0,0.0,market_submit,,bull
2026-06-11 13:56:51,2026-06-11,BUY,FLR,Pullback50,48.1,48.1,48.1,7.4,0.0,0.0,market_submit,,bull
2026-06-11 13:57:02,2026-06-11,BUY,GBCI,Pullback50,48.15,48.15,48.15,7.4,0.0,0.0,market_submit,,bull
2026-06-11 13:57:13,2026-06-11,BUY,GEF,Pullback50,65.83,65.83,65.83,7.4,0.0,0.0,market_submit,,bull
2026-06-11 13:57:23,2026-06-11,BUY,IDA,Pullback50,143.28,143.28,143.28,7.4,0.0,0.0,market_submit,,bull
2026-06-11 13:57:34,2026-06-11,BUY,JHG,Pullback50,51.84,51.84,51.84,7.4,0.0,0.0,market_submit,,bull
2026-06-11 13:57:44,2026-06-11,BUY,LECO,Pullback50,257.55,257.55,257.55,7.4,0.0,0.0,market_submit,,bull
2026-06-11 13:57:55,2026-06-11,BUY,NJR,Pullback50,55.75,55.75,55.75,7.4,0.0,0.0,market_submit,,bull
2026-06-11 13:58:06,2026-06-11,BUY,NWE,Pullback50,71.03,71.03,71.03,7.4,0.0,0.0,market_submit,,bull
2026-06-11 13:58:16,2026-06-11,BUY,OGE,Pullback50,48.01,48.01,48.01,7.4,0.0,0.0,market_submit,,bull
2026-06-11 13:58:27,2026-06-11,BUY,OHI,Pullback50,46.25,46.25,46.25,7.4,0.0,0.0,market_submit,,bull
2026-06-11 13:58:37,2026-06-11,BUY,RBC,Pullback50,587.07,587.07,587.07,7.4,0.0,0.0,market_submit,,bull
2026-06-11 13:58:48,2026-06-11,BUY,ROIV,Pullback50,28.98,28.98,28.98,7.4,0.0,0.0,market_submit,,bull
2026-06-11 13:58:59,2026-06-11,BUY,RRX,Pullback50,205.0,205.0,205.0,7.4,0.0,0.0,market_submit,,bull
2026-06-11 13:59:09,2026-06-11,BUY,SMG,Pullback50,60.81,60.81,60.81,7.4,0.0,0.0,market_submit,,bull
2026-06-11 13:59:20,2026-06-11,BUY,STAG,Pullback50,38.27,38.27,38.27,7.4,0.0,0.0,market_submit,,bull
2026-06-11 13:59:30,2026-06-11,BUY,SWX,Pullback50,89.67,89.67,89.67,7.4,0.0,0.0,market_submit,,bull
2026-06-11 13:59:41,2026-06-11,BUY,TEX,Pullback50,60.96,60.96,60.96,7.4,0.0,0.0,market_submit,,bull
2026-06-11 13:59:52,2026-06-11,BUY,TTC,Pullback50,92.44,92.44,92.44,7.4,0.0,0.0,market_submit,,bull
2026-06-11 19:49:18,2026-06-11,BUY,KDP,VolumeSpike,31.46,31.46,31.46,4.93,0.0,0.0,market_submit,,bull
2026-06-11 19:49:28,2026-06-11,BUY,ORCL,GapDown,183.88,183.88,183.88,4.93,0.0,0.0,market_submit,,bull
2026-06-11 19:49:39,2026-06-11,BUY,GOOG,Pullback50,354.7,354.7,354.7,4.93,0.0,0.0,market_submit,,bull
2026-06-11 19:49:50,2026-06-11,BUY,XYZ,Pullback50,69.28,69.28,69.28,4.93,0.0,0.0,market_submit,,bull
2026-06-11 19:50:00,2026-06-11,BUY,BA,Pullback50,221.44,221.44,221.44,4.93,0.0,0.0,market_submit,,bull
2026-06-11 19:50:11,2026-06-11,BUY,BMY,Pullback50,57.2,57.2,57.2,4.93,0.0,0.0,market_submit,,bull
2026-06-11 19:50:22,2026-06-11,BUY,GLW,Pullback50,176.85,176.85,176.85,4.93,0.0,0.0,market_submit,,bull
2026-06-11 19:50:32,2026-06-11,BUY,DE,Pullback50,570.74,570.74,570.74,4.93,0.0,0.0,market_submit,,bull
2026-06-11 19:50:43,2026-06-11,BUY,SATS,Pullback50,126.88,126.88,126.88,4.93,0.0,0.0,market_submit,,bull
2026-06-11 19:50:53,2026-06-11,BUY,SATS,RSIRecovery,126.88,126.88,126.88,4.93,0.0,0.0,market_submit,,bull
2026-06-11 19:51:04,2026-06-11,BUY,EA,Pullback50,203.15,203.15,203.15,4.93,0.0,0.0,market_submit,,bull
2026-06-11 19:51:14,2026-06-11,BUY,GEV,RSIRecovery,915.94,915.94,915.94,4.93,0.0,0.0,market_submit,,bull
2026-06-11 19:51:25,2026-06-11,BUY,KEYS,Pullback50,337.53,337.53,337.53,4.93,0.0,0.0,market_submit,,bull
2026-06-11 19:51:36,2026-06-11,BUY,LMT,Pullback50,550.1,550.1,550.1,4.93,0.0,0.0,market_submit,,bull
2026-06-11 19:51:46,2026-06-11,BUY,MRNA,Pullback50,49.9,49.9,49.9,4.93,0.0,0.0,market_submit,,bull
2026-06-11 19:51:57,2026-06-11,BUY,NVDA,Pullback50,205.26,205.26,205.26,4.93,0.0,0.0,market_submit,,bull
2026-06-11 19:52:07,2026-06-11,BUY,PCAR,Pullback50,117.72,117.72,117.72,4.93,0.0,0.0,market_submit,,bull
2026-06-11 19:52:18,2026-06-11,BUY,PH,Pullback50,901.5,901.5,901.5,4.93,0.0,0.0,market_submit,,bull
2026-06-11 19:52:28,2026-06-11,BUY,PFE,Pullback50,26.29,26.29,26.29,4.93,0.0,0.0,market_submit,,bull
2026-06-11 19:52:39,2026-06-11,BUY,PCG,Pullback50,16.86,16.86,16.86,4.93,0.0,0.0,market_submit,,bull
2026-06-11 19:52:50,2026-06-11,BUY,PWR,Pullback50,678.98,678.98,678.98,4.93,0.0,0.0,market_submit,,bull
2026-06-11 19:53:00,2026-06-11,BUY,RTX,Pullback50,184.0,184.0,184.0,4.93,0.0,0.0,market_submit,,bull
2026-06-11 19:53:11,2026-06-11,BUY,TDY,Pullback50,625.29,625.29,625.29,4.93,0.0,0.0,market_submit,,bull
2026-06-11 19:53:21,2026-06-11,BUY,TT,Pullback50,461.17,461.17,461.17,4.93,0.0,0.0,market_submit,,bull
2026-06-11 19:53:32,2026-06-11,BUY,WAB,Pullback50,262.92,262.92,262.92,4.93,0.0,0.0,market_submit,,bull
2026-06-11 19:53:42,2026-06-11,BUY,WY,Pullback50,24.3,24.3,24.3,4.93,0.0,0.0,market_submit,,bull
2026-06-11 19:53:53,2026-06-11,BUY,AA,Pullback50,68.66,68.66,68.66,4.93,0.0,0.0,market_submit,,bull
2026-06-11 19:54:04,2026-06-11,BUY,CYTK,Pullback50,69.39,69.39,69.39,4.93,0.0,0.0,market_submit,,bull
2026-06-11 19:54:14,2026-06-11,BUY,ESAB,RSIRecovery,88.86,88.86,88.86,4.93,0.0,0.0,market_submit,,bull
2026-06-11 19:54:25,2026-06-11,BUY,FOUR,MomReversal,38.98,38.98,38.98,4.93,0.0,0.0,market_submit,,bull
2026-06-11 19:54:35,2026-06-11,BUY,FOUR,RSIRecovery,38.98,38.98,38.98,4.93,0.0,0.0,market_submit,,bull
2026-06-11 19:54:46,2026-06-11,BUY,HL,RSIRecovery,14.86,14.86,14.86,4.93,0.0,0.0,market_submit,,bull
2026-06-11 19:54:56,2026-06-11,BUY,RNR,Pullback50,298.06,298.06,298.06,4.93,0.0,0.0,market_submit,,bull
2026-06-11 19:55:07,2026-06-11,BUY,SON,Pullback50,50.74,50.74,50.74,4.93,0.0,0.0,market_submit,,bull
2026-06-12 13:30:47,2026-06-12,SELL,ADC,Pullback50,75.16,75.01,75.234,7.31,0.0985,0.0072,limit_fill_position_check,stop_loss (-1.2%),bull
2026-06-12 13:30:54,2026-06-12,SELL,AEE,Pullback50,108.935,108.72,108.7,7.33,-0.2157,-0.0158,market_fallback,stop_loss (-0.8%),bull
2026-06-12 13:30:59,2026-06-12,SELL,AM,Pullback50,21.29,21.25,21.266,7.24,-0.1127,-0.0082,limit_fill_position_check,stop_loss (-1.7%),bull
2026-06-12 13:31:07,2026-06-12,SELL,BKH,Pullback50,71.89,71.75,71.89,7.22,0.0,0.0,market_fallback,stop_loss (-2.4%),bull
2026-06-12 13:31:12,2026-06-12,SELL,DUK,Pullback50,124.685,124.44,124.618,7.32,-0.0537,-0.0039,limit_fill_position_check,stop_loss (-0.9%),bull
2026-06-12 13:31:17,2026-06-12,SELL,ED,Pullback50,107.265,107.05,107.158,7.28,-0.0998,-0.0073,limit_fill_position_check,stop_loss (-1.1%),bull
2026-06-12 13:31:22,2026-06-12,SELL,ETR,Pullback50,110.26,110.04,110.15,7.3,-0.0998,-0.0073,limit_fill_position_check,stop_loss (-1.1%),bull
2026-06-12 13:31:28,2026-06-12,SELL,EXC,Pullback50,45.69,45.63,45.668,7.34,-0.0482,-0.0035,limit_fill_position_check,stop_loss (-0.7%),bull
2026-06-12 13:31:35,2026-06-12,SELL,IDA,Pullback50,142.24,141.96,142.25,7.32,0.007,0.0005,market_fallback,stop_loss (-0.9%),bull
2026-06-12 13:31:40,2026-06-12,SELL,KDP,VolumeSpike,31.35,31.32,31.338,4.9,-0.0383,-0.0019,limit_fill_position_check,stop_loss (-0.5%),bull
2026-06-12 13:31:47,2026-06-12,SELL,NJR,Pullback50,54.55,54.44,54.55,7.23,0.0,0.0,market_fallback,stop_loss (-2.2%),bull
2026-06-12 13:31:55,2026-06-12,SELL,NWE,Pullback50,69.56,69.42,69.56,7.21,0.0,0.0,market_fallback,stop_loss (-2.4%),bull
2026-06-12 13:32:00,2026-06-12,SELL,O,Pullback50,62.355,62.32,62.34,7.36,-0.0241,-0.0018,limit_fill_position_check,stop_loss (-0.5%),bull
2026-06-12 13:32:07,2026-06-12,SELL,OGE,Pullback50,47.45,47.36,47.45,7.3,0.0,0.0,market_fallback,stop_loss (-1.3%),bull
2026-06-12 13:32:15,2026-06-12,SELL,OHI,Pullback50,45.5,45.41,45.4875,7.27,-0.0275,-0.002,market_fallback,stop_loss (-1.6%),bull
2026-06-12 13:32:20,2026-06-12,SELL,SO,Pullback50,93.72,93.53,93.636,7.31,-0.0896,-0.0066,limit_fill_position_check,stop_loss (-1.1%),bull
2026-06-12 13:32:27,2026-06-12,SELL,SWX,Pullback50,88.025,87.85,88.05,7.26,0.0284,0.0021,market_fallback,stop_loss (-1.8%),bull
