strategy_id,strategy_name,dte_profile,recommendation,rationale,entries,exits,wins,losses,avg_return_pct,med_return_pct,p10_return_pct,p25_return_pct,p90_return_pct,realized_usd,active_days,days_since_first_entry,entries_last_5d,exits_last_5d,unique_symbols,top_symbol_share_pct
S406,RubberBand_ITM3,3d,watch,fat left tail (p10 < -45%),126,60,39,21,195.14,65.16,-63.62,-50.0,969.21,3080.0,8,14,24,10,9,21.7
S397,GapDown_ITM1,3d,watch,fat left tail (p10 < -45%),92,21,18,3,54.34,57.53,-57.75,40.35,116.39,684.0,4,14,35,9,7,33.3
S357,GapDown_21DTE,21d,watch,building sample (8-19 exits),40,18,14,4,32.91,55.07,-67.86,47.06,73.68,323.0,7,14,0,2,3,44.4
S404,GapDown_OTM2,3d,watch,fat left tail (p10 < -45%),92,29,21,8,33.33,50.0,-92.97,-17.02,127.53,571.0,3,14,36,12,6,31.0
S403,Any_MA50_Touch,3d,watch,fat left tail (p10 < -45%),78,31,17,14,52.15,49.12,-77.46,-51.61,316.0,394.0,5,14,26,7,7,29.0
S218,BB_Lower_Touch,3d ATM BB lower touch,watch,fat left tail (p10 < -45%),132,60,35,25,59.07,41.03,-71.66,-46.88,166.67,976.0,9,18,10,8,8,41.7
S362,RubberBand_3DTE,3d,watch,fat left tail (p10 < -45%),95,35,24,11,86.51,25.45,-67.0,-42.02,111.91,1036.0,5,14,24,2,5,37.1
S350,GapDown_0DTE,0d,watch,fat left tail (p10 < -45%),75,35,18,17,38.0,11.76,-65.1,-54.17,179.86,446.0,6,14,16,3,5,37.1
S411,RubberBand_OTM2,3d,watch,fat left tail (p10 < -45%),91,29,16,13,-9.4,7.69,-57.02,-51.67,39.66,-210.0,5,11,22,1,7,31.0
S401,Any_Gap_Down_Small,3d,watch,fat left tail (p10 < -45%),172,90,46,44,55.12,7.63,-93.88,-49.76,231.85,932.0,10,14,54,16,12,35.6
S398,GapDown_ATM,3d,watch,fat left tail (p10 < -45%),107,41,21,20,31.56,3.33,-68.29,-55.71,157.78,664.0,6,14,28,3,7,36.6
S358,GapDown_30DTE,30d,watch,insufficient sample (<8 exits),14,4,2,2,1.35,0.84,-51.39,-51.39,54.49,-21.0,3,10,6,4,2,50.0
S163,A1 GapDown ATM call EOD,7d ATM,watch,insufficient sample (<8 exits),83,0,0,0,0.0,0.0,0.0,0.0,0.0,0.0,0,24,0,0,0,0.0
S166,GapDown strong call,3d ATM strong,watch,insufficient sample (<8 exits),36,0,0,0,0.0,0.0,0.0,0.0,0.0,0.0,0,24,0,0,0,0.0
S167,GapDown long call 3 DTE 1-OTM — P2C,3d 1-OTM,watch,insufficient sample (<8 exits),88,0,0,0,0.0,0.0,0.0,0.0,0.0,0.0,0,24,0,0,0,0.0
S168,GapDown ATM 5-DTE — P2B arm,5d ATM,watch,insufficient sample (<8 exits),68,0,0,0,0.0,0.0,0.0,0.0,0.0,0.0,0,24,0,0,0,0.0
S169,BB Squeeze Breakout call 3 DTE,3d ATM BB squeeze,watch,insufficient sample (<8 exits),0,0,0,0,0.0,0.0,0.0,0.0,0.0,0.0,0,,0,0,0,0.0
S170,Golden Pocket call 3 DTE,3d ATM golden pocket,watch,insufficient sample (<8 exits),0,0,0,0,0.0,0.0,0.0,0.0,0.0,0.0,0,,0,0,0,0.0
S171,VWAP Reclaim call 3 DTE,3d ATM VWAP reclaim,watch,insufficient sample (<8 exits),0,0,0,0,0.0,0.0,0.0,0.0,0.0,0.0,0,,0,0,0,0.0
S172,Trend Resumption call 3 DTE,3d ATM trend resume,watch,insufficient sample (<8 exits),0,0,0,0,0.0,0.0,0.0,0.0,0.0,0.0,0,,0,0,0,0.0
S175,Earnings Drift call 3 DTE,3d ATM earnings drift,watch,insufficient sample (<8 exits),0,0,0,0,0.0,0.0,0.0,0.0,0.0,0.0,0,,0,0,0,0.0
S200,GapDown_Aggressive,3d ATM gap-aggr,watch,insufficient sample (<8 exits),0,0,0,0,0.0,0.0,0.0,0.0,0.0,0.0,0,,0,0,0,0.0
S201,GapDown_Mild,3d ATM gap-mild,watch,insufficient sample (<8 exits),0,0,0,0,0.0,0.0,0.0,0.0,0.0,0.0,0,,0,0,0,0.0
S204,GapUp_Continuation,3d ATM gap-up cont,watch,insufficient sample (<8 exits),0,0,0,0,0.0,0.0,0.0,0.0,0.0,0.0,0,,0,0,0,0.0
S205,GapDown_HighVol,3d ATM gap-highvol,watch,insufficient sample (<8 exits),0,0,0,0,0.0,0.0,0.0,0.0,0.0,0.0,0,,0,0,0,0.0
S206,GapDown_WithTrend,3d ATM gap-trend,watch,insufficient sample (<8 exits),0,0,0,0,0.0,0.0,0.0,0.0,0.0,0.0,0,,0,0,0,0.0
S208,GapDown_AboveMA200,3d ATM gap-ma200,watch,insufficient sample (<8 exits),0,0,0,0,0.0,0.0,0.0,0.0,0.0,0.0,0,,0,0,0,0.0
S213,MA_Bounce_200,3d ATM MA bounce 200,watch,insufficient sample (<8 exits),0,0,0,0,0.0,0.0,0.0,0.0,0.0,0.0,0,,0,0,0,0.0
S214,MA_Death_Cross,3d ATM death cross (put),watch,insufficient sample (<8 exits),0,0,0,0,0.0,0.0,0.0,0.0,0.0,0.0,0,,0,0,0,0.0
S215,MA_Reclaim_200,3d ATM MA reclaim 200,watch,insufficient sample (<8 exits),0,0,0,0,0.0,0.0,0.0,0.0,0.0,0.0,0,,0,0,0,0.0
S219,Volume_Climax_Up,3d ATM vol climax up,watch,insufficient sample (<8 exits),0,0,0,0,0.0,0.0,0.0,0.0,0.0,0.0,0,,0,0,0,0.0
S220,Pullback50,3d,watch,insufficient sample (<8 exits),0,0,0,0,0.0,0.0,0.0,0.0,0.0,0.0,0,,0,0,0,0.0
S221,GoldenPocket,3d,watch,insufficient sample (<8 exits),0,0,0,0,0.0,0.0,0.0,0.0,0.0,0.0,0,,0,0,0,0.0
S368,BBSqueeze_0DTE,0d,watch,insufficient sample (<8 exits),0,0,0,0,0.0,0.0,0.0,0.0,0.0,0.0,0,,0,0,0,0.0
S369,BBSqueeze_1DTE,1d,watch,insufficient sample (<8 exits),0,0,0,0,0.0,0.0,0.0,0.0,0.0,0.0,0,,0,0,0,0.0
S370,BBSqueeze_2DTE,2d,watch,insufficient sample (<8 exits),0,0,0,0,0.0,0.0,0.0,0.0,0.0,0.0,0,,0,0,0,0.0
S371,BBSqueeze_3DTE,3d,watch,insufficient sample (<8 exits),0,0,0,0,0.0,0.0,0.0,0.0,0.0,0.0,0,,0,0,0,0.0
S372,BBSqueeze_5DTE,5d,watch,insufficient sample (<8 exits),0,0,0,0,0.0,0.0,0.0,0.0,0.0,0.0,0,,0,0,0,0.0
S373,BBSqueeze_7DTE,7d,watch,insufficient sample (<8 exits),0,0,0,0,0.0,0.0,0.0,0.0,0.0,0.0,0,,0,0,0,0.0
S374,BBSqueeze_14DTE,14d,watch,insufficient sample (<8 exits),0,0,0,0,0.0,0.0,0.0,0.0,0.0,0.0,0,,0,0,0,0.0
S375,BBSqueeze_21DTE,21d,watch,insufficient sample (<8 exits),0,0,0,0,0.0,0.0,0.0,0.0,0.0,0.0,0,,0,0,0,0.0
S376,BBSqueeze_30DTE,30d,watch,insufficient sample (<8 exits),0,0,0,0,0.0,0.0,0.0,0.0,0.0,0.0,0,,0,0,0,0.0
S377,GapDownAggr_0DTE,0d,watch,insufficient sample (<8 exits),0,0,0,0,0.0,0.0,0.0,0.0,0.0,0.0,0,,0,0,0,0.0
S378,GapDownAggr_1DTE,1d,watch,insufficient sample (<8 exits),0,0,0,0,0.0,0.0,0.0,0.0,0.0,0.0,0,,0,0,0,0.0
S379,GapDownAggr_2DTE,2d,watch,insufficient sample (<8 exits),0,0,0,0,0.0,0.0,0.0,0.0,0.0,0.0,0,,0,0,0,0.0
S380,GapDownAggr_3DTE,3d,watch,insufficient sample (<8 exits),0,0,0,0,0.0,0.0,0.0,0.0,0.0,0.0,0,,0,0,0,0.0
S381,GapDownAggr_5DTE,5d,watch,insufficient sample (<8 exits),0,0,0,0,0.0,0.0,0.0,0.0,0.0,0.0,0,,0,0,0,0.0
S382,GapDownAggr_7DTE,7d,watch,insufficient sample (<8 exits),0,0,0,0,0.0,0.0,0.0,0.0,0.0,0.0,0,,0,0,0,0.0
S383,GapDownAggr_14DTE,14d,watch,insufficient sample (<8 exits),0,0,0,0,0.0,0.0,0.0,0.0,0.0,0.0,0,,0,0,0,0.0
S384,GapDownAggr_21DTE,21d,watch,insufficient sample (<8 exits),0,0,0,0,0.0,0.0,0.0,0.0,0.0,0.0,0,,0,0,0,0.0
S385,GapDownAggr_30DTE,30d,watch,insufficient sample (<8 exits),0,0,0,0,0.0,0.0,0.0,0.0,0.0,0.0,0,,0,0,0,0.0
S386,VolClimax_0DTE,0d,watch,insufficient sample (<8 exits),0,0,0,0,0.0,0.0,0.0,0.0,0.0,0.0,0,,0,0,0,0.0
S387,VolClimax_1DTE,1d,watch,insufficient sample (<8 exits),0,0,0,0,0.0,0.0,0.0,0.0,0.0,0.0,0,,0,0,0,0.0
S388,VolClimax_2DTE,2d,watch,insufficient sample (<8 exits),0,0,0,0,0.0,0.0,0.0,0.0,0.0,0.0,0,,0,0,0,0.0
S389,VolClimax_3DTE,3d,watch,insufficient sample (<8 exits),0,0,0,0,0.0,0.0,0.0,0.0,0.0,0.0,0,,0,0,0,0.0
S390,VolClimax_5DTE,5d,watch,insufficient sample (<8 exits),0,0,0,0,0.0,0.0,0.0,0.0,0.0,0.0,0,,0,0,0,0.0
S391,VolClimax_7DTE,7d,watch,insufficient sample (<8 exits),0,0,0,0,0.0,0.0,0.0,0.0,0.0,0.0,0,,0,0,0,0.0
S392,VolClimax_14DTE,14d,watch,insufficient sample (<8 exits),0,0,0,0,0.0,0.0,0.0,0.0,0.0,0.0,0,,0,0,0,0.0
S393,VolClimax_21DTE,21d,watch,insufficient sample (<8 exits),0,0,0,0,0.0,0.0,0.0,0.0,0.0,0.0,0,,0,0,0,0.0
S394,VolClimax_30DTE,30d,watch,insufficient sample (<8 exits),0,0,0,0,0.0,0.0,0.0,0.0,0.0,0.0,0,,0,0,0,0.0
S395,GapDown_ITM3,3d,watch,insufficient sample (<8 exits),0,0,0,0,0.0,0.0,0.0,0.0,0.0,0.0,0,,0,0,0,0.0
S402,Any_High_Volume,3d,watch,insufficient sample (<8 exits),0,0,0,0,0.0,0.0,0.0,0.0,0.0,0.0,0,,0,0,0,0.0
S409,RubberBand_ATM,3d,watch,insufficient sample (<8 exits),0,0,0,0,0.0,0.0,0.0,0.0,0.0,0.0,0,,0,0,0,0.0
S413,BBSqueeze_ITM3,0d,watch,insufficient sample (<8 exits),0,0,0,0,0.0,0.0,0.0,0.0,0.0,0.0,0,,0,0,0,0.0
S414,BBSqueeze_ITM2,3d,watch,insufficient sample (<8 exits),0,0,0,0,0.0,0.0,0.0,0.0,0.0,0.0,0,,0,0,0,0.0
S415,BBSqueeze_ITM1,7d,watch,insufficient sample (<8 exits),0,0,0,0,0.0,0.0,0.0,0.0,0.0,0.0,0,,0,0,0,0.0
S416,BBSqueeze_ATM,0d,watch,insufficient sample (<8 exits),0,0,0,0,0.0,0.0,0.0,0.0,0.0,0.0,0,,0,0,0,0.0
S417,BBSqueeze_OTM1,3d,watch,insufficient sample (<8 exits),0,0,0,0,0.0,0.0,0.0,0.0,0.0,0.0,0,,0,0,0,0.0
S418,BBSqueeze_OTM2,7d,watch,insufficient sample (<8 exits),0,0,0,0,0.0,0.0,0.0,0.0,0.0,0.0,0,,0,0,0,0.0
S419,BBSqueeze_OTM3,3d,watch,insufficient sample (<8 exits),0,0,0,0,0.0,0.0,0.0,0.0,0.0,0.0,0,,0,0,0,0.0
S356,GapDown_14DTE,14d,watch,early sample with non-positive median,48,17,4,13,-17.21,-25.0,-52.49,-50.0,46.21,-151.0,4,14,12,7,4,35.3
S367,RubberBand_30DTE,30d,watch,insufficient sample (<8 exits),10,2,0,2,-38.2,-38.2,-48.75,-44.79,-27.64,-55.0,2,10,2,1,1,100.0
S365,RubberBand_14DTE,14d,watch,early sample with non-positive median,36,12,2,10,-17.26,-49.56,-81.56,-55.12,49.36,-186.0,3,14,2,4,3,50.0
S400,Any_Green_Close,3d,watch,insufficient sample (<8 exits),16,6,1,5,-33.91,-50.0,-66.67,-62.5,14.93,-5.0,2,14,4,1,2,83.3
S366,RubberBand_21DTE,21d,watch,early sample with non-positive median,34,8,0,8,-54.46,-55.19,-58.31,-56.92,-49.12,-268.0,1,10,4,8,1,100.0
S410,RubberBand_OTM1,3d,watch,insufficient sample (<8 exits),20,4,1,3,-23.38,-58.46,-75.2,-70.89,56.51,-70.0,2,8,2,1,2,75.0
S202,GapDown_Monster,3d ATM gap-monster,watch,early sample with non-positive median,42,10,0,10,-57.46,-60.53,-74.54,-66.39,-37.62,-171.0,5,17,12,4,3,40.0
S209,GapDown_Recovery,3d ATM gap-recovery,watch,insufficient sample (<8 exits),30,6,0,6,-64.99,-61.46,-82.78,-69.36,-50.75,-210.0,2,16,0,0,2,83.3
S164,GapDown ATM 1-DTE — P2B arm,1d ATM,watch,insufficient sample (<8 exits),98,6,0,6,-68.19,-65.67,-88.89,-86.11,-50.0,-59.0,2,24,0,0,2,83.3
S396,GapDown_ITM2,3d,watch,insufficient sample (<8 exits),16,1,0,1,-82.19,-82.19,-82.19,-82.19,-82.19,-60.0,1,8,10,0,1,100.0
S408,RubberBand_ITM1,3d,drop,non-positive median return,106,43,20,23,155.2,0.0,-69.93,-55.56,776.45,1095.0,6,11,24,5,7,23.3
S412,RubberBand_OTM3,3d,drop,non-positive median return,99,29,11,18,9.8,-3.57,-52.51,-23.26,86.75,-13.0,5,14,26,3,7,20.7
S210,MA_Cross_8_21,3d ATM MA cross 8/21,drop,non-positive median return,148,68,33,35,9.2,-5.3,-82.21,-51.32,68.78,-140.0,6,18,40,9,10,22.1
S361,RubberBand_2DTE,2d,drop,non-positive median return,101,34,16,18,19.97,-7.5,-70.72,-53.62,110.15,-76.0,4,14,26,0,7,32.4
S352,GapDown_2DTE,2d,drop,non-positive median return,106,32,15,17,11.32,-17.65,-86.42,-58.61,107.5,-43.0,6,14,28,2,6,34.4
S174,RubberBand long call EOD,RubberBand (dropped),drop,non-positive median return,1075,119,43,76,-23.43,-25.0,-89.83,-71.19,36.67,-1658.19,3,39,0,0,6,50.4
S173,MomReversal long call,MomRev,drop,non-positive median return,1625,415,154,261,15.19,-31.51,-77.18,-62.95,101.9,62.64,8,39,0,0,12,27.5
S211,MA_Cross_21_50,3d ATM MA cross 21/50,drop,non-positive median return,114,41,12,29,34.05,-31.58,-81.13,-51.47,107.69,-203.0,8,18,40,19,9,36.6
S353,GapDown_3DTE,3d,drop,non-positive median return,82,20,8,12,3.46,-34.69,-85.57,-76.88,124.42,-46.0,4,14,26,0,4,45.0
S165,GapDown long call 3 DTE,3d ATM,drop,non-positive median return,1428,245,73,172,-6.01,-38.18,-63.39,-54.55,81.82,-1828.78,7,39,0,0,12,26.1
S405,GapDown_OTM3,3d,drop,non-positive median return,111,54,19,35,-6.21,-42.16,-84.36,-61.48,104.86,-87.0,8,14,30,11,7,27.8
S364,RubberBand_7DTE,7d,drop,non-positive median return,88,42,18,24,3.66,-42.31,-91.43,-63.64,77.78,-226.0,8,14,23,13,5,31.0
S355,GapDown_7DTE,7d,drop,non-positive median return,94,48,19,29,7.66,-44.94,-75.52,-63.41,134.92,120.0,6,14,32,14,6,22.9
S359,RubberBand_0DTE,0d,drop,non-positive median return,62,23,4,19,-26.76,-46.67,-71.43,-70.37,61.82,-323.0,3,11,14,0,4,43.5
S207,GapDown_AtSupport,3d ATM gap-support,drop,non-positive median return,62,37,2,35,-38.6,-47.06,-63.64,-55.71,-6.06,-822.0,2,18,0,0,3,43.2
S407,RubberBand_ITM2,3d,drop,non-positive median return,96,38,11,27,29.82,-47.73,-83.88,-61.54,266.42,33.0,7,14,24,2,7,26.3
S217,RSI_25_Bounce,3d ATM RSI<25 bounce,drop,non-positive median return,98,40,14,26,41.16,-48.08,-80.5,-60.38,169.51,284.0,8,18,26,8,3,75.0
S399,GapDown_OTM1,3d,drop,non-positive median return,128,42,18,24,15.57,-49.2,-85.2,-67.67,139.4,-91.0,5,14,28,2,7,38.1
S354,GapDown_5DTE,5d,drop,non-positive median return,81,45,15,30,-0.84,-52.31,-92.16,-76.47,138.3,-7.0,6,14,25,12,6,31.1
S216,RSI_Oversold_Cross,3d ATM RSI x30,drop,non-positive median return,114,35,7,28,7.81,-52.63,-84.46,-71.24,168.86,-511.0,4,18,14,0,5,45.7
S351,GapDown_1DTE,1d,drop,non-positive median return,142,50,11,39,-8.1,-54.92,-81.63,-69.97,171.88,-257.0,8,14,32,5,7,26.0
S203,GapUp_Fade,3d ATM gap-up fade (put),drop,non-positive median return,108,39,4,35,-45.79,-56.25,-78.81,-68.77,2.9,-796.0,7,18,22,4,7,35.9
S360,RubberBand_1DTE,1d,drop,non-positive median return,110,49,5,44,-48.75,-56.41,-81.5,-70.37,-6.89,-913.0,8,14,34,11,12,22.4
S212,MA_Bounce_50,3d ATM MA bounce 50,drop,non-positive median return,171,83,11,72,-44.99,-68.09,-98.15,-81.35,51.47,-2246.0,9,18,41,14,11,34.9
S363,RubberBand_5DTE,5d,drop,non-positive median return,69,30,11,19,-35.14,-73.91,-92.82,-89.9,61.07,-735.0,5,11,23,9,4,36.7
