bucket_id,profile,buy_rule,sell_rule,take_profit_pct,stop_loss_pct,entries,exits,open_lots,last_entry,stale,stale_days,win_rate_pct,avg_return_pct,med_return_pct,best_return_pct,worst_return_pct,realized_usd,symbols,strategies,exit_reasons,status
0,baseline,ask-0.01,bid-0.01,50.0,-40.0,0,0,0,2026-08-21,False,,,,,,,0,,,,idle
1,patient_buy,ask-0.05,bid-0.01,45.0,-40.0,0,0,0,2026-07-27,False,,,,,,,0,,,,idle
2,aggressive_buy,mid,bid-0.02,55.0,-45.0,0,0,0,2026-07-29,False,,,,,,,0,,,,idle
3,tight_stops,ask-0.01,bid-0.01,30.0,-25.0,0,0,0,2026-07-29,False,,,,,,,0,,,,idle
4,wide_stops,ask-0.02,bid-0.02,80.0,-60.0,0,0,0,2026-07-29,False,,,,,,,0,,,,idle
5,eod_only,ask-0.01,bid-0.01,99.0,-99.0,0,0,0,2026-07-29,False,,,,,,,0,,,,idle
6,loose_spread,ask-0.01,bid-0.01,50.0,-40.0,0,0,0,2026-07-29,False,,,,,,,0,,,,idle
7,tight_spread,ask-0.01,bid-0.01,40.0,-35.0,0,0,0,2026-07-29,False,,,,,,,0,,,,idle
8,g008_lim_tp20_sl20,ask-0.10,bid-0.05,20.0,-20.0,0,0,0,2026-07-29,False,,,,,,,0,,,,idle
9,g009_mid_tp20_sl20,mid,bid-0.05,20.0,-20.0,0,0,0,2026-07-29,False,,,,,,,0,,,,idle
10,g010_eod_tp20_sl20,ask-0.10,bid-0.05,20.0,-20.0,0,0,0,2026-07-29,False,,,,,,,0,,,,idle
11,g011_lim_tp20_sl20,ask-0.10,bid-0.05,20.0,-20.0,0,0,0,2026-07-29,False,,,,,,,0,,,,idle
12,g012_mid_tp20_sl20,mid,bid-0.05,20.0,-20.0,0,0,0,2026-07-29,False,,,,,,,0,,,,idle
13,g013_eod_tp20_sl20,ask-0.10,bid-0.05,20.0,-20.0,0,0,0,2026-07-29,False,,,,,,,0,,,,idle
14,g014_lim_tp20_sl20,ask-0.10,bid-0.05,20.0,-20.0,0,0,0,2026-07-29,False,,,,,,,0,,,,idle
15,g015_mid_tp20_sl20,mid,bid-0.05,20.0,-20.0,0,0,0,2026-07-29,False,,,,,,,0,,,,idle
16,g016_eod_tp20_sl20,ask-0.10,bid-0.05,20.0,-20.0,0,0,0,2026-08-10,False,,,,,,,0,,,,idle
17,g017_lim_tp20_sl20,ask-0.10,bid-0.05,20.0,-20.0,0,0,0,2026-08-10,False,,,,,,,0,,,,idle
18,g018_mid_tp20_sl20,mid,bid-0.05,20.0,-20.0,0,0,0,2026-07-31,False,,,,,,,0,,,,idle
19,g019_eod_tp20_sl20,ask-0.10,bid-0.05,20.0,-20.0,0,0,0,2026-07-31,False,,,,,,,0,,,,idle
20,g020_lim_tp20_sl30,ask-0.10,bid-0.05,20.0,-30.0,0,0,0,2026-08-10,False,,,,,,,0,,,,idle
21,g021_mid_tp20_sl30,mid,bid-0.05,20.0,-30.0,0,0,0,2026-08-10,False,,,,,,,0,,,,idle
22,g022_eod_tp20_sl30,ask-0.10,bid-0.05,20.0,-30.0,0,0,0,2026-07-31,False,,,,,,,0,,,,idle
23,g023_lim_tp20_sl30,ask-0.10,bid-0.05,20.0,-30.0,0,0,0,2026-07-31,False,,,,,,,0,,,,idle
24,g024_mid_tp20_sl30,mid,bid-0.05,20.0,-30.0,0,0,0,2026-08-11,False,,,,,,,0,,,,idle
25,g025_eod_tp20_sl30,ask-0.10,bid-0.05,20.0,-30.0,0,0,0,2026-08-12,False,,,,,,,0,,,,idle
26,g026_lim_tp20_sl30,ask-0.10,bid-0.05,20.0,-30.0,0,0,0,2026-08-12,False,,,,,,,0,,,,idle
27,g027_mid_tp20_sl30,mid,bid-0.05,20.0,-30.0,0,0,0,2026-08-12,False,,,,,,,0,,,,idle
28,g028_eod_tp20_sl30,ask-0.10,bid-0.05,20.0,-30.0,0,0,0,2026-08-11,False,,,,,,,0,,,,idle
29,g029_lim_tp20_sl30,ask-0.10,bid-0.05,20.0,-30.0,0,0,0,2026-08-11,False,,,,,,,0,,,,idle
30,g030_mid_tp20_sl30,mid,bid-0.05,20.0,-30.0,0,0,0,2026-08-12,False,,,,,,,0,,,,idle
31,g031_eod_tp20_sl30,ask-0.10,bid-0.05,20.0,-30.0,0,0,0,2026-08-12,False,,,,,,,0,,,,idle
32,g032_lim_tp20_sl40,ask-0.10,bid-0.05,20.0,-40.0,0,0,0,2026-07-27,False,,,,,,,0,,,,idle
33,g033_mid_tp20_sl40,mid,bid-0.05,20.0,-40.0,0,0,0,2026-07-27,False,,,,,,,0,,,,idle
34,g034_eod_tp20_sl40,ask-0.10,bid-0.05,20.0,-40.0,0,0,0,2026-07-29,False,,,,,,,0,,,,idle
35,g035_lim_tp20_sl40,ask-0.10,bid-0.05,20.0,-40.0,0,0,0,2026-07-29,False,,,,,,,0,,,,idle
36,g036_mid_tp20_sl40,mid,bid-0.05,20.0,-40.0,0,0,0,2026-07-29,False,,,,,,,0,,,,idle
37,g037_eod_tp20_sl40,ask-0.10,bid-0.05,20.0,-40.0,0,0,0,2026-07-29,False,,,,,,,0,,,,idle
38,g038_lim_tp20_sl40,ask-0.10,bid-0.05,20.0,-40.0,0,0,0,2026-07-29,False,,,,,,,0,,,,idle
39,g039_mid_tp20_sl40,mid,bid-0.05,20.0,-40.0,0,0,0,2026-07-29,False,,,,,,,0,,,,idle
40,g040_eod_tp20_sl40,ask-0.10,bid-0.05,20.0,-40.0,0,0,0,2026-07-27,False,,,,,,,0,,,,idle
41,g041_lim_tp20_sl40,ask-0.10,bid-0.05,20.0,-40.0,0,0,0,2026-07-27,False,,,,,,,0,,,,idle
42,g042_mid_tp20_sl40,mid,bid-0.05,20.0,-40.0,0,0,0,2026-07-28,False,,,,,,,0,,,,idle
43,g043_eod_tp20_sl40,ask-0.10,bid-0.05,20.0,-40.0,0,0,0,2026-07-28,False,,,,,,,0,,,,idle
44,g044_lim_tp20_sl50,ask-0.10,bid-0.05,20.0,-50.0,0,0,0,2026-07-28,False,,,,,,,0,,,,idle
45,g045_mid_tp20_sl50,mid,bid-0.05,20.0,-50.0,0,0,0,2026-07-28,False,,,,,,,0,,,,idle
46,g046_eod_tp20_sl50,ask-0.10,bid-0.05,20.0,-50.0,0,0,0,2026-07-28,False,,,,,,,0,,,,idle
47,g047_lim_tp20_sl50,ask-0.10,bid-0.05,20.0,-50.0,0,0,0,2026-07-28,False,,,,,,,0,,,,idle
48,g048_mid_tp20_sl50,mid,bid-0.05,20.0,-50.0,0,0,0,2026-07-24,False,,,,,,,0,,,,idle
49,g049_eod_tp20_sl50,ask-0.10,bid-0.05,20.0,-50.0,0,0,0,2026-07-24,False,,,,,,,0,,,,idle
50,g050_lim_tp20_sl50,ask-0.10,bid-0.05,20.0,-50.0,0,0,0,2026-07-24,False,,,,,,,0,,,,idle
51,g051_mid_tp20_sl50,mid,bid-0.05,20.0,-50.0,0,0,0,2026-07-24,False,,,,,,,0,,,,idle
52,g052_eod_tp20_sl50,ask-0.10,bid-0.05,20.0,-50.0,0,0,0,2026-07-24,False,,,,,,,0,,,,idle
53,g053_lim_tp20_sl50,ask-0.10,bid-0.05,20.0,-50.0,0,0,0,2026-07-24,False,,,,,,,0,,,,idle
54,g054_mid_tp20_sl50,mid,bid-0.05,20.0,-50.0,0,0,0,2026-07-24,False,,,,,,,0,,,,idle
55,g055_eod_tp20_sl50,ask-0.10,bid-0.05,20.0,-50.0,0,0,0,2026-07-24,False,,,,,,,0,,,,idle
56,g056_lim_tp20_sl65,ask-0.10,bid-0.05,20.0,-65.0,0,0,0,2026-07-09,False,,,,,,,0,,,,idle
57,g057_mid_tp20_sl65,mid,bid-0.05,20.0,-65.0,0,0,0,2026-07-09,False,,,,,,,0,,,,idle
58,g058_eod_tp20_sl65,ask-0.10,bid-0.05,20.0,-65.0,0,0,0,2026-08-04,False,,,,,,,0,,,,idle
59,g059_lim_tp20_sl65,ask-0.10,bid-0.05,20.0,-65.0,0,0,0,2026-08-04,False,,,,,,,0,,,,idle
60,g060_mid_tp20_sl65,mid,bid-0.05,20.0,-65.0,0,0,0,2026-08-05,False,,,,,,,0,,,,idle
61,g061_eod_tp20_sl65,ask-0.10,bid-0.05,20.0,-65.0,0,0,0,2026-08-05,False,,,,,,,0,,,,idle
62,g062_lim_tp20_sl65,ask-0.10,bid-0.05,20.0,-65.0,0,0,0,2026-08-04,False,,,,,,,0,,,,idle
63,g063_mid_tp20_sl65,mid,bid-0.05,20.0,-65.0,0,0,0,2026-08-04,False,,,,,,,0,,,,idle
64,g064_eod_tp20_sl65,ask-0.10,bid-0.05,20.0,-65.0,0,0,0,2026-07-24,False,,,,,,,0,,,,idle
65,g065_lim_tp20_sl65,ask-0.10,bid-0.05,20.0,-65.0,0,0,0,2026-07-24,False,,,,,,,0,,,,idle
66,g066_mid_tp20_sl65,mid,bid-0.05,20.0,-65.0,0,0,0,2026-07-24,False,,,,,,,0,,,,idle
67,g067_eod_tp20_sl65,ask-0.10,bid-0.05,20.0,-65.0,0,0,0,2026-07-24,False,,,,,,,0,,,,idle
68,g068_lim_tp30_sl20,ask-0.10,bid-0.05,30.0,-20.0,0,0,0,2026-07-17,False,,,,,,,0,,,,idle
69,g069_mid_tp30_sl20,mid,bid-0.05,30.0,-20.0,0,0,0,2026-07-21,False,,,,,,,0,,,,idle
70,g070_eod_tp30_sl20,ask-0.10,bid-0.05,30.0,-20.0,0,0,0,2026-07-21,False,,,,,,,0,,,,idle
71,g071_lim_tp30_sl20,ask-0.10,bid-0.05,30.0,-20.0,0,0,0,2026-07-21,False,,,,,,,0,,,,idle
72,g072_mid_tp30_sl20,mid,bid-0.05,30.0,-20.0,0,0,0,2026-08-06,False,,,,,,,0,,,,idle
73,g073_eod_tp30_sl20,ask-0.10,bid-0.05,30.0,-20.0,0,0,0,2026-08-06,False,,,,,,,0,,,,idle
74,g074_lim_tp30_sl20,ask-0.10,bid-0.05,30.0,-20.0,0,0,0,2026-08-06,False,,,,,,,0,,,,idle
75,g075_mid_tp30_sl20,mid,bid-0.05,30.0,-20.0,0,0,0,2026-08-06,False,,,,,,,0,,,,idle
76,g076_eod_tp30_sl20,ask-0.10,bid-0.05,30.0,-20.0,0,0,0,2026-08-06,False,,,,,,,0,,,,idle
77,g077_lim_tp30_sl20,ask-0.10,bid-0.05,30.0,-20.0,0,0,0,2026-08-06,False,,,,,,,0,,,,idle
78,g078_mid_tp30_sl20,mid,bid-0.05,30.0,-20.0,0,0,0,2026-08-06,False,,,,,,,0,,,,idle
79,g079_eod_tp30_sl20,ask-0.10,bid-0.05,30.0,-20.0,0,0,0,2026-08-06,False,,,,,,,0,,,,idle
80,g080_lim_tp30_sl30,ask-0.10,bid-0.05,30.0,-30.0,0,0,0,2026-08-13,False,,,,,,,0,,,,idle
81,g081_mid_tp30_sl30,mid,bid-0.05,30.0,-30.0,0,0,0,2026-08-13,False,,,,,,,0,,,,idle
82,g082_eod_tp30_sl30,ask-0.10,bid-0.05,30.0,-30.0,0,0,0,2026-08-13,False,,,,,,,0,,,,idle
83,g083_lim_tp30_sl30,ask-0.10,bid-0.05,30.0,-30.0,0,0,0,2026-08-13,False,,,,,,,0,,,,idle
84,g084_mid_tp30_sl30,mid,bid-0.05,30.0,-30.0,0,0,0,2026-08-13,False,,,,,,,0,,,,idle
85,g085_eod_tp30_sl30,ask-0.10,bid-0.05,30.0,-30.0,0,0,0,2026-08-13,False,,,,,,,0,,,,idle
86,g086_lim_tp30_sl30,ask-0.10,bid-0.05,30.0,-30.0,0,0,0,2026-08-13,False,,,,,,,0,,,,idle
87,g087_mid_tp30_sl30,mid,bid-0.05,30.0,-30.0,0,0,0,2026-08-13,False,,,,,,,0,,,,idle
88,g088_eod_tp30_sl30,ask-0.10,bid-0.05,30.0,-30.0,0,0,0,2026-07-24,False,,,,,,,0,,,,idle
89,g089_lim_tp30_sl30,ask-0.10,bid-0.05,30.0,-30.0,0,0,0,2026-07-24,False,,,,,,,0,,,,idle
90,live_1to1,ask-0.01,bid-0.01,50.0,-40.0,1,0,0,2026-08-27,False,,,,,,,0,CELH,S404,,entered_no_exit
91,g091_eod_tp30_sl30,ask-0.10,bid-0.05,30.0,-30.0,0,0,0,2026-07-24,False,,,,,,,0,,,,idle
92,g092_lim_tp30_sl40,ask-0.10,bid-0.05,30.0,-40.0,0,0,0,2026-07-24,False,,,,,,,0,,,,idle
93,g093_mid_tp30_sl40,mid,bid-0.05,30.0,-40.0,0,0,0,2026-07-24,False,,,,,,,0,,,,idle
94,g094_eod_tp30_sl40,ask-0.10,bid-0.05,30.0,-40.0,0,0,0,2026-08-13,False,,,,,,,0,,,,idle
95,g095_lim_tp30_sl40,ask-0.10,bid-0.05,30.0,-40.0,0,0,0,2026-08-13,False,,,,,,,0,,,,idle
96,g096_mid_tp30_sl40,mid,bid-0.05,30.0,-40.0,0,0,0,2026-08-14,False,,,,,,,0,,,,idle
97,g097_eod_tp30_sl40,ask-0.10,bid-0.05,30.0,-40.0,0,0,0,2026-08-14,False,,,,,,,0,,,,idle
98,g098_lim_tp30_sl40,ask-0.10,bid-0.05,30.0,-40.0,0,0,0,2026-08-14,False,,,,,,,0,,,,idle
99,g099_mid_tp30_sl40,mid,bid-0.05,30.0,-40.0,0,0,0,2026-08-14,False,,,,,,,0,,,,idle
