ts,event,bucket_id,profile,strategy_id,lot_id,symbol,occ,qty,limit,fill_price,cost,return_pct,pnl_usd,reason,buy_offset,sell_offset,take_profit,stop_loss,spread_frac,detail
2026-07-06T09:34:30.695185-04:00,entry,6,loose_spread,S173,66707e04a874,ADBE,ADBE260710C00235000,1,0.69,,70.0,,,,-0.01,,0.6,-0.4,0.295,MR gap -1.6% green
2026-07-06T09:34:30.695185-04:00,entry,17,g017_lim_tp20_sl20,S173,381253e5621e,ADBE,ADBE260710C00235000,1,0.6,,70.0,,,,-0.1,,0.6,-0.4,0.295,MR gap -1.6% green
2026-07-06T09:34:30.695185-04:00,entry,18,g018_mid_tp20_sl20,S173,5e4249066dd4,ADBE,ADBE260710C00235000,1,0.61,,70.0,,,,-0.1,,0.6,-0.4,0.295,MR gap -1.6% green
2026-07-06T09:34:30.695185-04:00,entry,19,g019_eod_tp20_sl20,S173,e61e84b6215a,ADBE,ADBE260710C00235000,1,0.6,,70.0,,,,-0.1,,0.6,-0.4,0.295,MR gap -1.6% green
2026-07-06T09:34:30.695185-04:00,entry,29,g029_lim_tp20_sl30,S173,b31bdcda0d29,ADBE,ADBE260710C00235000,1,0.6,,70.0,,,,-0.1,,0.6,-0.4,0.295,MR gap -1.6% green
2026-07-06T09:34:30.695185-04:00,entry,30,g030_mid_tp20_sl30,S173,99ee6ecd0635,ADBE,ADBE260710C00235000,1,0.61,,70.0,,,,-0.1,,0.6,-0.4,0.295,MR gap -1.6% green
2026-07-06T09:34:30.695185-04:00,entry,31,g031_eod_tp20_sl30,S173,186f85ac2c38,ADBE,ADBE260710C00235000,1,0.6,,70.0,,,,-0.1,,0.6,-0.4,0.295,MR gap -1.6% green
2026-07-06T09:34:30.695185-04:00,entry,41,g041_lim_tp20_sl40,S173,a4517e5c95be,ADBE,ADBE260710C00235000,1,0.6,,70.0,,,,-0.1,,0.6,-0.4,0.295,MR gap -1.6% green
2026-07-06T09:34:30.695185-04:00,entry,42,g042_mid_tp20_sl40,S173,6d6ef82d728d,ADBE,ADBE260710C00235000,1,0.61,,70.0,,,,-0.1,,0.6,-0.4,0.295,MR gap -1.6% green
2026-07-06T09:34:30.695185-04:00,entry,43,g043_eod_tp20_sl40,S173,f0239bbdea70,ADBE,ADBE260710C00235000,1,0.6,,70.0,,,,-0.1,,0.6,-0.4,0.295,MR gap -1.6% green
2026-07-06T09:34:30.695185-04:00,entry,53,g053_lim_tp20_sl50,S173,cf8e9240571e,ADBE,ADBE260710C00235000,1,0.6,,70.0,,,,-0.1,,0.6,-0.4,0.295,MR gap -1.6% green
2026-07-06T09:34:30.695185-04:00,entry,54,g054_mid_tp20_sl50,S173,659266e461d7,ADBE,ADBE260710C00235000,1,0.61,,70.0,,,,-0.1,,0.6,-0.4,0.295,MR gap -1.6% green
2026-07-06T09:34:30.695185-04:00,entry,55,g055_eod_tp20_sl50,S173,28d1e641e18c,ADBE,ADBE260710C00235000,1,0.6,,70.0,,,,-0.1,,0.6,-0.4,0.295,MR gap -1.6% green
2026-07-06T09:34:30.695185-04:00,entry,65,g065_lim_tp20_sl65,S173,8a261faac030,ADBE,ADBE260710C00235000,1,0.6,,70.0,,,,-0.1,,0.6,-0.4,0.295,MR gap -1.6% green
2026-07-06T09:34:30.695185-04:00,entry,66,g066_mid_tp20_sl65,S173,b4549c898f7e,ADBE,ADBE260710C00235000,1,0.61,,70.0,,,,-0.1,,0.6,-0.4,0.295,MR gap -1.6% green
2026-07-06T09:34:30.695185-04:00,entry,67,g067_eod_tp20_sl65,S173,38a46ef7677d,ADBE,ADBE260710C00235000,1,0.6,,70.0,,,,-0.1,,0.6,-0.4,0.295,MR gap -1.6% green
2026-07-06T09:34:30.695185-04:00,entry,89,g089_lim_tp30_sl30,S173,233735a278e9,ADBE,ADBE260710C00235000,1,0.6,,70.0,,,,-0.1,,0.6,-0.4,0.295,MR gap -1.6% green
2026-07-06T09:34:30.695185-04:00,entry,90,g090_mid_tp30_sl30,S173,86667bb3163a,ADBE,ADBE260710C00235000,1,0.61,,70.0,,,,-0.1,,0.6,-0.4,0.295,MR gap -1.6% green
2026-07-06T09:34:30.695185-04:00,entry,91,g091_eod_tp30_sl30,S173,e9fff51e8048,ADBE,ADBE260710C00235000,1,0.6,,70.0,,,,-0.1,,0.6,-0.4,0.295,MR gap -1.6% green
2026-07-06T09:34:30.695185-04:00,entry,0,baseline,S173,06217961c7b9,PLTR,PLTR260710C00138000,1,0.91,,92.0,,,,-0.01,,0.6,-0.4,0.022,MR gap -1.6% green
2026-07-06T09:34:30.695185-04:00,entry,1,patient_buy,S173,18e2bea4c7a9,PLTR,PLTR260710C00138000,1,0.89,,94.0,,,,-0.05,,0.6,-0.4,0.043,MR gap -1.6% green
2026-07-06T09:34:30.695185-04:00,entry,2,aggressive_buy,S173,6a3baf653efc,PLTR,PLTR260710C00138000,1,0.92,,94.0,,,,-0.01,,0.6,-0.4,0.043,MR gap -1.6% green
2026-07-06T09:34:30.695185-04:00,entry,3,tight_stops,S173,c8860831be9e,PLTR,PLTR260710C00138000,1,0.93,,94.0,,,,-0.01,,0.6,-0.4,0.043,MR gap -1.6% green
2026-07-06T09:34:30.695185-04:00,entry,4,wide_stops,S173,f132b4c31671,PLTR,PLTR260710C00138000,1,0.92,,94.0,,,,-0.02,,0.6,-0.4,0.043,MR gap -1.6% green
2026-07-06T09:34:30.695185-04:00,entry,5,eod_only,S173,35b4d4f97f4d,PLTR,PLTR260710C00138000,1,0.93,,94.0,,,,-0.01,,0.6,-0.4,0.043,MR gap -1.6% green
2026-07-06T09:34:30.695185-04:00,entry,7,tight_spread,S173,5cb244e81196,PLTR,PLTR260710C00138000,1,0.93,,94.0,,,,-0.01,,0.6,-0.4,0.043,MR gap -1.6% green
2026-07-06T09:34:30.695185-04:00,entry,8,g008_lim_tp20_sl20,S173,bb1921be6391,PLTR,PLTR260710C00138000,1,0.82,,92.0,,,,-0.1,,0.6,-0.4,0.044,MR gap -1.6% green
2026-07-06T09:34:30.695185-04:00,entry,9,g009_mid_tp20_sl20,S173,11dcbf68ba3a,PLTR,PLTR260710C00138000,1,0.9,,92.0,,,,-0.1,,0.6,-0.4,0.044,MR gap -1.6% green
2026-07-06T09:34:30.695185-04:00,entry,10,g010_eod_tp20_sl20,S173,59cf93e3c971,PLTR,PLTR260710C00138000,1,0.82,,92.0,,,,-0.1,,0.6,-0.4,0.044,MR gap -1.6% green
2026-07-06T09:34:30.695185-04:00,entry,11,g011_lim_tp20_sl20,S173,e9b3cefa502a,PLTR,PLTR260710C00138000,1,0.82,,92.0,,,,-0.1,,0.6,-0.4,0.044,MR gap -1.6% green
2026-07-06T09:34:30.695185-04:00,entry,12,g012_mid_tp20_sl20,S173,9e2dae8d0a42,PLTR,PLTR260710C00138000,1,0.9,,92.0,,,,-0.1,,0.6,-0.4,0.044,MR gap -1.6% green
2026-07-06T09:34:30.695185-04:00,entry,13,g013_eod_tp20_sl20,S173,a6aeb7f848a3,PLTR,PLTR260710C00138000,1,0.82,,92.0,,,,-0.1,,0.6,-0.4,0.044,MR gap -1.6% green
2026-07-06T09:34:30.695185-04:00,entry,14,g014_lim_tp20_sl20,S173,457406fbebd7,PLTR,PLTR260710C00138000,1,0.84,,94.0,,,,-0.1,,0.6,-0.4,0.089,MR gap -1.6% green
2026-07-06T09:34:30.695185-04:00,entry,15,g015_mid_tp20_sl20,S173,35ee68b60487,PLTR,PLTR260710C00138000,1,0.9,,94.0,,,,-0.1,,0.6,-0.4,0.089,MR gap -1.6% green
2026-07-06T09:34:30.695185-04:00,entry,16,g016_eod_tp20_sl20,S173,b0a85a0a2c39,PLTR,PLTR260710C00138000,1,0.84,,94.0,,,,-0.1,,0.6,-0.4,0.089,MR gap -1.6% green
2026-07-06T09:34:30.695185-04:00,entry,20,g020_lim_tp20_sl30,S173,e41aeb1e4e18,PLTR,PLTR260710C00138000,1,0.82,,92.0,,,,-0.1,,0.6,-0.4,0.033,MR gap -1.6% green
2026-07-06T09:34:30.695185-04:00,entry,21,g021_mid_tp20_sl30,S173,2b7652e27dae,PLTR,PLTR260710C00138000,1,0.87,,89.0,,,,-0.1,,0.6,-0.4,0.046,MR gap -1.6% green
2026-07-06T09:34:30.695185-04:00,entry,22,g022_eod_tp20_sl30,S173,4a6ae1b0b44e,PLTR,PLTR260710C00138000,1,0.79,,89.0,,,,-0.1,,0.6,-0.4,0.046,MR gap -1.6% green
2026-07-06T09:34:30.695185-04:00,entry,23,g023_lim_tp20_sl30,S173,20c1fddf9d82,PLTR,PLTR260710C00138000,1,0.79,,89.0,,,,-0.1,,0.6,-0.4,0.046,MR gap -1.6% green
2026-07-06T09:34:30.695185-04:00,entry,24,g024_mid_tp20_sl30,S173,3a959d59f1fe,PLTR,PLTR260710C00138000,1,0.87,,89.0,,,,-0.1,,0.6,-0.4,0.046,MR gap -1.6% green
2026-07-06T09:34:30.695185-04:00,entry,25,g025_eod_tp20_sl30,S173,1ddd36b060ff,PLTR,PLTR260710C00138000,1,0.79,,89.0,,,,-0.1,,0.6,-0.4,0.046,MR gap -1.6% green
2026-07-06T09:34:30.695185-04:00,entry,26,g026_lim_tp20_sl30,S173,a6fe430c9531,PLTR,PLTR260710C00138000,1,0.79,,89.0,,,,-0.1,,0.6,-0.4,0.046,MR gap -1.6% green
2026-07-06T09:34:30.695185-04:00,entry,27,g027_mid_tp20_sl30,S173,727a8eb1503e,PLTR,PLTR260710C00138000,1,0.95,,97.0,,,,-0.1,,0.6,-0.4,0.031,MR gap -1.6% green
2026-07-06T09:34:30.695185-04:00,entry,28,g028_eod_tp20_sl30,S173,e8beff45c12c,PLTR,PLTR260710C00138000,1,0.87,,97.0,,,,-0.1,,0.6,-0.4,0.031,MR gap -1.6% green
2026-07-06T09:34:30.695185-04:00,entry,32,g032_lim_tp20_sl40,S173,163a3d06ff77,PLTR,PLTR260710C00138000,1,0.87,,97.0,,,,-0.1,,0.6,-0.4,0.031,MR gap -1.6% green
2026-07-06T09:34:30.695185-04:00,entry,33,g033_mid_tp20_sl40,S173,5a18abfd0f75,PLTR,PLTR260710C00138000,1,0.95,,97.0,,,,-0.1,,0.6,-0.4,0.031,MR gap -1.6% green
2026-07-06T09:34:30.695185-04:00,entry,34,g034_eod_tp20_sl40,S173,eb45b5a13796,PLTR,PLTR260710C00138000,1,0.87,,97.0,,,,-0.1,,0.6,-0.4,0.031,MR gap -1.6% green
2026-07-06T09:34:30.695185-04:00,entry,35,g035_lim_tp20_sl40,S173,46418198d466,PLTR,PLTR260710C00138000,1,0.87,,97.0,,,,-0.1,,0.6,-0.4,0.031,MR gap -1.6% green
2026-07-06T09:34:30.695185-04:00,entry,36,g036_mid_tp20_sl40,S173,676a9031e7da,PLTR,PLTR260710C00138000,1,0.95,,97.0,,,,-0.1,,0.6,-0.4,0.031,MR gap -1.6% green
2026-07-06T09:34:30.695185-04:00,entry,37,g037_eod_tp20_sl40,S173,ae7447196543,PLTR,PLTR260710C00138000,1,0.87,,97.0,,,,-0.1,,0.6,-0.4,0.031,MR gap -1.6% green
2026-07-06T09:34:30.695185-04:00,entry,38,g038_lim_tp20_sl40,S173,b5a4fee9dfa7,PLTR,PLTR260710C00138000,1,0.87,,97.0,,,,-0.1,,0.6,-0.4,0.031,MR gap -1.6% green
2026-07-06T09:34:30.695185-04:00,entry,39,g039_mid_tp20_sl40,S173,f4e02298cf52,PLTR,PLTR260710C00138000,1,0.95,,97.0,,,,-0.1,,0.6,-0.4,0.031,MR gap -1.6% green
2026-07-06T09:34:30.695185-04:00,entry,40,g040_eod_tp20_sl40,S173,ceef1378dba5,PLTR,PLTR260710C00138000,1,0.87,,97.0,,,,-0.1,,0.6,-0.4,0.031,MR gap -1.6% green
2026-07-06T09:34:30.695185-04:00,entry,44,g044_lim_tp20_sl50,S173,b8dc926fa6b8,PLTR,PLTR260710C00138000,1,0.87,,97.0,,,,-0.1,,0.6,-0.4,0.031,MR gap -1.6% green
2026-07-06T09:34:30.695185-04:00,entry,45,g045_mid_tp20_sl50,S173,efaa68032b4c,PLTR,PLTR260710C00138000,1,0.92,,93.0,,,,-0.1,,0.6,-0.4,0.033,MR gap -1.6% green
2026-07-06T09:34:30.695185-04:00,entry,46,g046_eod_tp20_sl50,S173,6c64f5efc04d,PLTR,PLTR260710C00138000,1,0.83,,93.0,,,,-0.1,,0.6,-0.4,0.033,MR gap -1.6% green
2026-07-06T09:34:30.695185-04:00,entry,47,g047_lim_tp20_sl50,S173,5d02a0ba458c,PLTR,PLTR260710C00138000,1,0.83,,93.0,,,,-0.1,,0.6,-0.4,0.033,MR gap -1.6% green
2026-07-06T09:34:30.695185-04:00,entry,48,g048_mid_tp20_sl50,S173,2dcc1efb70a5,PLTR,PLTR260710C00138000,1,0.92,,93.0,,,,-0.1,,0.6,-0.4,0.033,MR gap -1.6% green
2026-07-06T09:34:30.695185-04:00,entry,49,g049_eod_tp20_sl50,S173,6f155f9145ba,PLTR,PLTR260710C00138000,1,0.83,,93.0,,,,-0.1,,0.6,-0.4,0.033,MR gap -1.6% green
2026-07-06T09:34:30.695185-04:00,entry,50,g050_lim_tp20_sl50,S173,8b62b6475bdf,PLTR,PLTR260710C00138000,1,0.83,,93.0,,,,-0.1,,0.6,-0.4,0.033,MR gap -1.6% green
2026-07-06T09:34:30.695185-04:00,entry,51,g051_mid_tp20_sl50,S173,0bf3bab096a0,PLTR,PLTR260710C00138000,1,0.92,,93.0,,,,-0.1,,0.6,-0.4,0.033,MR gap -1.6% green
2026-07-06T09:34:30.695185-04:00,entry,52,g052_eod_tp20_sl50,S173,953852e79915,PLTR,PLTR260710C00138000,1,0.83,,93.0,,,,-0.1,,0.6,-0.4,0.033,MR gap -1.6% green
2026-07-06T09:34:30.695185-04:00,entry,56,g056_lim_tp20_sl65,S173,1eecf0191590,PLTR,PLTR260710C00138000,1,0.86,,96.0,,,,-0.1,,0.6,-0.4,0.032,MR gap -1.6% green
2026-07-06T09:34:30.695185-04:00,entry,57,g057_mid_tp20_sl65,S173,a067c6804183,PLTR,PLTR260710C00138000,1,0.95,,96.0,,,,-0.1,,0.6,-0.4,0.032,MR gap -1.6% green
2026-07-06T09:34:30.695185-04:00,entry,58,g058_eod_tp20_sl65,S173,121631b3f61a,PLTR,PLTR260710C00138000,1,0.86,,96.0,,,,-0.1,,0.6,-0.4,0.032,MR gap -1.6% green
2026-07-06T09:34:30.695185-04:00,entry,59,g059_lim_tp20_sl65,S173,1993a8ee8c0d,PLTR,PLTR260710C00138000,1,0.86,,96.0,,,,-0.1,,0.6,-0.4,0.032,MR gap -1.6% green
2026-07-06T09:34:30.695185-04:00,entry,60,g060_mid_tp20_sl65,S173,49bd81f2f20d,PLTR,PLTR260710C00138000,1,0.95,,96.0,,,,-0.1,,0.6,-0.4,0.032,MR gap -1.6% green
2026-07-06T09:34:30.695185-04:00,entry,61,g061_eod_tp20_sl65,S173,e26410a1685b,PLTR,PLTR260710C00138000,1,0.86,,96.0,,,,-0.1,,0.6,-0.4,0.032,MR gap -1.6% green
2026-07-06T09:34:30.695185-04:00,entry,62,g062_lim_tp20_sl65,S173,f08d11b34125,PLTR,PLTR260710C00138000,1,0.87,,97.0,,,,-0.1,,0.6,-0.4,0.075,MR gap -1.6% green
2026-07-06T09:34:30.695185-04:00,entry,63,g063_mid_tp20_sl65,S173,e48f300547b3,PLTR,PLTR260710C00138000,1,0.94,,97.0,,,,-0.1,,0.6,-0.4,0.075,MR gap -1.6% green
2026-07-06T09:34:30.695185-04:00,entry,64,g064_eod_tp20_sl65,S173,05bf47759430,PLTR,PLTR260710C00138000,1,0.87,,97.0,,,,-0.1,,0.6,-0.4,0.075,MR gap -1.6% green
2026-07-06T09:34:30.695185-04:00,entry,68,g068_lim_tp30_sl20,S173,e734a4f70733,PLTR,PLTR260710C00138000,1,0.87,,97.0,,,,-0.1,,0.6,-0.4,0.075,MR gap -1.6% green
2026-07-06T09:34:30.695185-04:00,entry,69,g069_mid_tp30_sl20,S173,c875ed049f2e,PLTR,PLTR260710C00138000,1,0.94,,97.0,,,,-0.1,,0.6,-0.4,0.075,MR gap -1.6% green
2026-07-06T09:34:30.695185-04:00,entry,70,g070_eod_tp30_sl20,S173,db30f7bc9b96,PLTR,PLTR260710C00139000,1,0.75,,85.0,,,,-0.1,,0.6,-0.4,0.099,MR gap -1.6% green
2026-07-06T09:34:30.695185-04:00,entry,71,g071_lim_tp30_sl20,S173,46a6db86a977,PLTR,PLTR260710C00139000,1,0.75,,85.0,,,,-0.1,,0.6,-0.4,0.099,MR gap -1.6% green
2026-07-06T09:34:30.695185-04:00,entry,72,g072_mid_tp30_sl20,S173,64a63447d9a0,PLTR,PLTR260710C00138000,1,0.97,,99.0,,,,-0.1,,0.6,-0.4,0.041,MR gap -1.6% green
2026-07-06T09:34:30.695185-04:00,entry,73,g073_eod_tp30_sl20,S173,bb32fa11821b,PLTR,PLTR260710C00138000,1,0.89,,99.0,,,,-0.1,,0.6,-0.4,0.041,MR gap -1.6% green
2026-07-06T09:34:30.695185-04:00,entry,74,g074_lim_tp30_sl20,S173,f22b4fbabb66,PLTR,PLTR260710C00138000,1,0.89,,99.0,,,,-0.1,,0.6,-0.4,0.041,MR gap -1.6% green
2026-07-06T09:34:30.695185-04:00,entry,75,g075_mid_tp30_sl20,S173,c6246f976c0a,PLTR,PLTR260710C00138000,1,0.97,,99.0,,,,-0.1,,0.6,-0.4,0.041,MR gap -1.6% green
2026-07-06T09:34:30.695185-04:00,entry,76,g076_eod_tp30_sl20,S173,400b8d94b073,PLTR,PLTR260710C00138000,1,0.89,,99.0,,,,-0.1,,0.6,-0.4,0.041,MR gap -1.6% green
2026-07-06T09:34:30.695185-04:00,entry,77,g077_lim_tp30_sl20,S173,587af7cb0bd2,PLTR,PLTR260710C00138000,1,0.89,,99.0,,,,-0.1,,0.6,-0.4,0.041,MR gap -1.6% green
2026-07-06T09:34:30.695185-04:00,entry,78,g078_mid_tp30_sl20,S173,1a5f2bbe30d2,PLTR,PLTR260710C00138000,1,0.97,,99.0,,,,-0.1,,0.6,-0.4,0.041,MR gap -1.6% green
2026-07-06T09:34:30.695185-04:00,entry,79,g079_eod_tp30_sl20,S173,50a6c6f35688,PLTR,PLTR260710C00138000,1,0.89,,99.0,,,,-0.1,,0.6,-0.4,0.041,MR gap -1.6% green
2026-07-06T09:34:30.695185-04:00,entry,80,g080_lim_tp30_sl30,S173,2e2d8a1c4018,PLTR,PLTR260710C00138000,1,0.89,,99.0,,,,-0.1,,0.6,-0.4,0.073,MR gap -1.6% green
2026-07-06T09:34:30.695185-04:00,entry,81,g081_mid_tp30_sl30,S173,2b9158c6191f,PLTR,PLTR260710C00138000,1,0.96,,99.0,,,,-0.1,,0.6,-0.4,0.073,MR gap -1.6% green
2026-07-06T09:34:30.695185-04:00,entry,82,g082_eod_tp30_sl30,S173,7edb92a0cef3,PLTR,PLTR260710C00138000,1,0.89,,99.0,,,,-0.1,,0.6,-0.4,0.073,MR gap -1.6% green
2026-07-06T09:34:30.695185-04:00,entry,83,g083_lim_tp30_sl30,S173,a2780f28388e,PLTR,PLTR260710C00138000,1,0.89,,99.0,,,,-0.1,,0.6,-0.4,0.073,MR gap -1.6% green
2026-07-06T09:34:30.695185-04:00,entry,84,g084_mid_tp30_sl30,S173,4a115e7d47ac,PLTR,PLTR260710C00138000,1,0.96,,99.0,,,,-0.1,,0.6,-0.4,0.073,MR gap -1.6% green
2026-07-06T09:34:30.695185-04:00,entry,85,g085_eod_tp30_sl30,S173,59aa9ac9d769,PLTR,PLTR260710C00138000,1,0.89,,99.0,,,,-0.1,,0.6,-0.4,0.073,MR gap -1.6% green
2026-07-06T09:34:30.695185-04:00,entry,86,g086_lim_tp30_sl30,S173,8b4599a985f3,PLTR,PLTR260710C00138000,1,0.89,,99.0,,,,-0.1,,0.6,-0.4,0.073,MR gap -1.6% green
2026-07-06T09:34:30.695185-04:00,entry,87,g087_mid_tp30_sl30,S173,850979f44a0d,PLTR,PLTR260710C00138000,1,0.96,,99.0,,,,-0.1,,0.6,-0.4,0.073,MR gap -1.6% green
2026-07-06T09:34:30.695185-04:00,entry,88,g088_eod_tp30_sl30,S173,508e8f1ade69,PLTR,PLTR260710C00138000,1,0.9,,100.0,,,,-0.1,,0.6,-0.4,0.03,MR gap -1.6% green
2026-07-06T09:34:30.695185-04:00,entry,92,g092_lim_tp30_sl40,S173,90d3e3527261,PLTR,PLTR260710C00138000,1,0.9,,100.0,,,,-0.1,,0.6,-0.4,0.03,MR gap -1.6% green
2026-07-06T09:34:30.695185-04:00,entry,93,g093_mid_tp30_sl40,S173,8a582089e669,PLTR,PLTR260710C00138000,1,0.98,,100.0,,,,-0.1,,0.6,-0.4,0.03,MR gap -1.6% green
2026-07-06T09:34:30.695185-04:00,entry,94,g094_eod_tp30_sl40,S173,e40e316f56df,PLTR,PLTR260710C00138000,1,0.9,,100.0,,,,-0.1,,0.6,-0.4,0.073,MR gap -1.6% green
2026-07-06T09:34:30.695185-04:00,entry,95,g095_lim_tp30_sl40,S173,2e4c54e77646,PLTR,PLTR260710C00138000,1,0.9,,100.0,,,,-0.1,,0.6,-0.4,0.073,MR gap -1.6% green
2026-07-06T09:34:30.695185-04:00,entry,96,g096_mid_tp30_sl40,S173,b0e871c77091,PLTR,PLTR260710C00138000,1,0.97,,100.0,,,,-0.1,,0.6,-0.4,0.073,MR gap -1.6% green
2026-07-06T09:34:30.695185-04:00,entry,97,g097_eod_tp30_sl40,S173,0f8c924c5877,PLTR,PLTR260710C00138000,1,0.9,,100.0,,,,-0.1,,0.6,-0.4,0.073,MR gap -1.6% green
2026-07-06T09:34:30.695185-04:00,entry,98,g098_lim_tp30_sl40,S173,d6c46838422d,PLTR,PLTR260710C00138000,1,0.9,,100.0,,,,-0.1,,0.6,-0.4,0.073,MR gap -1.6% green
2026-07-06T09:34:30.695185-04:00,entry,99,g099_mid_tp30_sl40,S173,87f2d5dbdd55,PLTR,PLTR260710C00138000,1,0.97,,100.0,,,,-0.1,,0.6,-0.4,0.073,MR gap -1.6% green
2026-07-06T10:03:38.403491-04:00,entry,26,g026_lim_tp20_sl30,S174,f94347b8eecc,ADBE,ADBE260710C00230000,1,0.74,,84.0,,,,-0.1,,0.2,-0.3,0.225,RB gap -1.6% reclaim
2026-07-06T10:03:38.403491-04:00,entry,27,g027_mid_tp20_sl30,S174,def7a7a3954e,ADBE,ADBE260710C00230000,1,0.76,,84.0,,,,-0.1,,0.2,-0.3,0.225,RB gap -1.6% reclaim
2026-07-06T10:03:38.403491-04:00,entry,28,g028_eod_tp20_sl30,S174,2a4622d6e520,ADBE,ADBE260710C00230000,1,0.74,,84.0,,,,-0.1,,0.2,-0.3,0.225,RB gap -1.6% reclaim
2026-07-06T10:03:38.403491-04:00,entry,29,g029_lim_tp20_sl30,S174,f5c686c09f55,ADBE,ADBE260710C00230000,1,0.74,,84.0,,,,-0.1,,0.2,-0.3,0.225,RB gap -1.6% reclaim
2026-07-06T10:03:38.403491-04:00,entry,30,g030_mid_tp20_sl30,S174,8e35dda7b59d,ADBE,ADBE260710C00230000,1,0.76,,84.0,,,,-0.1,,0.2,-0.3,0.225,RB gap -1.6% reclaim
2026-07-06T10:03:38.403491-04:00,entry,31,g031_eod_tp20_sl30,S174,1a301da10ca9,ADBE,ADBE260710C00230000,1,0.74,,84.0,,,,-0.1,,0.2,-0.3,0.225,RB gap -1.6% reclaim
2026-07-06T10:03:38.403491-04:00,entry,38,g038_lim_tp20_sl40,S174,9ec068dbac29,ADBE,ADBE260710C00230000,1,0.74,,84.0,,,,-0.1,,0.2,-0.4,0.225,RB gap -1.6% reclaim
2026-07-06T10:03:38.403491-04:00,entry,39,g039_mid_tp20_sl40,S174,c0a0dea9b50b,ADBE,ADBE260710C00230000,1,0.76,,84.0,,,,-0.1,,0.2,-0.4,0.225,RB gap -1.6% reclaim
2026-07-06T10:03:38.403491-04:00,entry,40,g040_eod_tp20_sl40,S174,6eb71081557b,ADBE,ADBE260710C00230000,1,0.74,,84.0,,,,-0.1,,0.2,-0.4,0.225,RB gap -1.6% reclaim
2026-07-06T10:03:38.403491-04:00,entry,41,g041_lim_tp20_sl40,S174,bd5a015cb4ea,ADBE,ADBE260710C00230000,1,0.74,,84.0,,,,-0.1,,0.2,-0.4,0.225,RB gap -1.6% reclaim
2026-07-06T10:03:38.403491-04:00,entry,42,g042_mid_tp20_sl40,S174,9651727792cd,ADBE,ADBE260710C00230000,1,0.76,,84.0,,,,-0.1,,0.2,-0.4,0.225,RB gap -1.6% reclaim
2026-07-06T10:03:38.403491-04:00,entry,43,g043_eod_tp20_sl40,S174,3ffd77837708,ADBE,ADBE260710C00230000,1,0.74,,84.0,,,,-0.1,,0.2,-0.4,0.225,RB gap -1.6% reclaim
2026-07-06T10:03:38.403491-04:00,entry,52,g052_eod_tp20_sl50,S174,9802b32716db,ADBE,ADBE260710C00230000,1,0.74,,84.0,,,,-0.1,,0.2,-0.5,0.225,RB gap -1.6% reclaim
2026-07-06T10:03:38.403491-04:00,entry,53,g053_lim_tp20_sl50,S174,b95d77fa5029,ADBE,ADBE260710C00230000,1,0.74,,84.0,,,,-0.1,,0.2,-0.5,0.225,RB gap -1.6% reclaim
2026-07-06T10:03:38.403491-04:00,entry,54,g054_mid_tp20_sl50,S174,71b6429f9976,ADBE,ADBE260710C00230000,1,0.76,,84.0,,,,-0.1,,0.2,-0.5,0.225,RB gap -1.6% reclaim
2026-07-06T10:03:38.403491-04:00,entry,55,g055_eod_tp20_sl50,S174,3b5eb4bd1946,ADBE,ADBE260710C00230000,1,0.74,,84.0,,,,-0.1,,0.2,-0.5,0.225,RB gap -1.6% reclaim
2026-07-06T10:03:38.403491-04:00,entry,59,g059_lim_tp20_sl65,S174,d37afb856075,ADBE,ADBE260710C00230000,1,0.7,,80.0,,,,-0.1,,0.2,-0.65,0.177,RB gap -1.6% reclaim
2026-07-06T10:03:38.403491-04:00,entry,60,g060_mid_tp20_sl65,S174,553dd7585667,ADBE,ADBE260710C00230000,1,0.74,,80.0,,,,-0.1,,0.2,-0.65,0.177,RB gap -1.6% reclaim
2026-07-06T10:03:38.403491-04:00,entry,61,g061_eod_tp20_sl65,S174,ef36862f7a30,ADBE,ADBE260710C00230000,1,0.7,,80.0,,,,-0.1,,0.2,-0.65,0.177,RB gap -1.6% reclaim
2026-07-06T10:03:38.403491-04:00,entry,62,g062_lim_tp20_sl65,S174,ce134f4d3251,ADBE,ADBE260710C00230000,1,0.7,,80.0,,,,-0.1,,0.2,-0.65,0.177,RB gap -1.6% reclaim
2026-07-06T10:03:38.403491-04:00,entry,63,g063_mid_tp20_sl65,S174,73c949cb9374,ADBE,ADBE260710C00230000,1,0.74,,80.0,,,,-0.1,,0.2,-0.65,0.177,RB gap -1.6% reclaim
2026-07-06T10:03:38.403491-04:00,entry,64,g064_eod_tp20_sl65,S174,ed6ff5711ca3,ADBE,ADBE260710C00230000,1,0.7,,80.0,,,,-0.1,,0.2,-0.65,0.177,RB gap -1.6% reclaim
2026-07-06T10:03:38.403491-04:00,entry,65,g065_lim_tp20_sl65,S174,976e0b05c078,ADBE,ADBE260710C00230000,1,0.7,,80.0,,,,-0.1,,0.2,-0.65,0.177,RB gap -1.6% reclaim
2026-07-06T10:03:38.403491-04:00,entry,66,g066_mid_tp20_sl65,S174,40050e0b00ee,ADBE,ADBE260710C00230000,1,0.74,,80.0,,,,-0.1,,0.2,-0.65,0.177,RB gap -1.6% reclaim
2026-07-06T10:03:38.403491-04:00,entry,67,g067_eod_tp20_sl65,S174,540bc3707329,ADBE,ADBE260710C00230000,1,0.7,,80.0,,,,-0.1,,0.2,-0.65,0.177,RB gap -1.6% reclaim
2026-07-06T10:03:38.403491-04:00,entry,76,g076_eod_tp30_sl20,S174,32aeb3e0db65,ADBE,ADBE260710C00230000,1,0.7,,80.0,,,,-0.1,,0.3,-0.2,0.177,RB gap -1.6% reclaim
2026-07-06T10:03:38.403491-04:00,entry,77,g077_lim_tp30_sl20,S174,899019a239cb,ADBE,ADBE260710C00230000,1,0.7,,80.0,,,,-0.1,,0.3,-0.2,0.177,RB gap -1.6% reclaim
2026-07-06T10:03:38.403491-04:00,entry,78,g078_mid_tp30_sl20,S174,b60b16ac9d91,ADBE,ADBE260710C00230000,1,0.74,,80.0,,,,-0.1,,0.3,-0.2,0.177,RB gap -1.6% reclaim
2026-07-06T10:03:38.403491-04:00,entry,79,g079_eod_tp30_sl20,S174,1664e21666af,ADBE,ADBE260710C00230000,1,0.7,,80.0,,,,-0.1,,0.3,-0.2,0.177,RB gap -1.6% reclaim
2026-07-06T10:03:38.403491-04:00,entry,83,g083_lim_tp30_sl30,S174,4aa73ad1d06d,ADBE,ADBE260710C00230000,1,0.7,,80.0,,,,-0.1,,0.3,-0.3,0.177,RB gap -1.6% reclaim
2026-07-06T10:03:38.403491-04:00,entry,84,g084_mid_tp30_sl30,S174,7be87ea328a8,ADBE,ADBE260710C00230000,1,0.74,,80.0,,,,-0.1,,0.3,-0.3,0.177,RB gap -1.6% reclaim
2026-07-06T10:03:38.403491-04:00,entry,85,g085_eod_tp30_sl30,S174,17157815c3ed,ADBE,ADBE260710C00230000,1,0.7,,80.0,,,,-0.1,,0.3,-0.3,0.177,RB gap -1.6% reclaim
2026-07-06T10:03:38.403491-04:00,entry,86,g086_lim_tp30_sl30,S174,99f258881892,ADBE,ADBE260710C00230000,1,0.7,,80.0,,,,-0.1,,0.3,-0.3,0.177,RB gap -1.6% reclaim
2026-07-06T10:03:38.403491-04:00,entry,87,g087_mid_tp30_sl30,S174,3dc08d6b092e,ADBE,ADBE260710C00230000,1,0.74,,80.0,,,,-0.1,,0.3,-0.3,0.177,RB gap -1.6% reclaim
2026-07-06T10:03:38.403491-04:00,entry,88,g088_eod_tp30_sl30,S174,2765028ec656,ADBE,ADBE260710C00230000,1,0.7,,80.0,,,,-0.1,,0.3,-0.3,0.177,RB gap -1.6% reclaim
2026-07-06T10:03:38.403491-04:00,entry,89,g089_lim_tp30_sl30,S174,9f6a17386f24,ADBE,ADBE260710C00230000,1,0.7,,80.0,,,,-0.1,,0.3,-0.3,0.177,RB gap -1.6% reclaim
2026-07-06T10:03:38.403491-04:00,entry,90,g090_mid_tp30_sl30,S174,ace60ea0b30f,ADBE,ADBE260710C00230000,1,0.74,,80.0,,,,-0.1,,0.3,-0.3,0.177,RB gap -1.6% reclaim
2026-07-06T10:03:38.403491-04:00,entry,95,g095_lim_tp30_sl40,S174,605ef4e4a451,ADBE,ADBE260710C00230000,1,0.7,,80.0,,,,-0.1,,0.3,-0.4,0.177,RB gap -1.6% reclaim
2026-07-06T10:03:38.403491-04:00,entry,96,g096_mid_tp30_sl40,S174,13c12d28545c,ADBE,ADBE260710C00230000,1,0.74,,80.0,,,,-0.1,,0.3,-0.4,0.177,RB gap -1.6% reclaim
2026-07-06T10:03:38.403491-04:00,entry,97,g097_eod_tp30_sl40,S174,53eb960ae29f,ADBE,ADBE260710C00230000,1,0.7,,80.0,,,,-0.1,,0.3,-0.4,0.177,RB gap -1.6% reclaim
2026-07-06T10:03:38.403491-04:00,entry,98,g098_lim_tp30_sl40,S174,302b3e3ecd7a,ADBE,ADBE260710C00230000,1,0.7,,80.0,,,,-0.1,,0.3,-0.4,0.177,RB gap -1.6% reclaim
2026-07-06T10:03:38.403491-04:00,entry,99,g099_mid_tp30_sl40,S174,61496f54c386,ADBE,ADBE260710C00230000,1,0.72,,80.0,,,,-0.1,,0.3,-0.4,0.238,RB gap -1.6% reclaim
2026-07-06T10:03:38.403491-04:00,entry,0,baseline,S174,0ded1741d6ee,PYPL,PYPL260710C00044500,1,0.64,,65.0,,,,-0.01,,0.5,-0.5,0.047,RB gap -2.2% reclaim
2026-07-06T10:03:38.403491-04:00,entry,1,patient_buy,S174,152350ada30d,PYPL,PYPL260710C00045000,1,0.42,,47.0,,,,-0.05,,0.45,-0.4,0.238,RB gap -2.2% reclaim
2026-07-06T10:03:38.403491-04:00,entry,2,aggressive_buy,S174,a8e9de2bbd47,PYPL,PYPL260710C00044500,1,0.64,,65.0,,,,-0.01,,0.55,-0.45,0.047,RB gap -2.2% reclaim
2026-07-06T10:03:38.403491-04:00,entry,3,tight_stops,S174,141cd2536d37,PYPL,PYPL260710C00045000,1,0.46,,47.0,,,,-0.01,,0.3,-0.25,0.238,RB gap -2.2% reclaim
2026-07-06T10:03:38.403491-04:00,entry,4,wide_stops,S174,4fee3211e2ca,PYPL,PYPL260710C00044500,1,0.63,,65.0,,,,-0.02,,0.8,-0.6,0.047,RB gap -2.2% reclaim
2026-07-06T10:03:38.403491-04:00,entry,5,eod_only,S174,5fc370efec09,PYPL,PYPL260710C00044500,1,0.64,,65.0,,,,-0.01,,0.99,-0.99,0.047,RB gap -2.2% reclaim
2026-07-06T10:03:38.403491-04:00,entry,6,loose_spread,S174,02ab852829ae,PYPL,PYPL260710C00044500,1,0.64,,65.0,,,,-0.01,,0.5,-0.5,0.047,RB gap -2.2% reclaim
2026-07-06T10:03:38.403491-04:00,entry,7,tight_spread,S174,b609596532ff,PYPL,PYPL260710C00044500,1,0.64,,65.0,,,,-0.01,,0.4,-0.35,0.047,RB gap -2.2% reclaim
2026-07-06T10:03:38.403491-04:00,entry,8,g008_lim_tp20_sl20,S174,6389f01bf899,PYPL,PYPL260710C00044500,1,0.55,,65.0,,,,-0.1,,0.2,-0.2,0.047,RB gap -2.2% reclaim
2026-07-06T10:03:38.403491-04:00,entry,9,g009_mid_tp20_sl20,S174,5d18a7a056f9,PYPL,PYPL260710C00044500,1,0.64,,65.0,,,,-0.1,,0.2,-0.2,0.047,RB gap -2.2% reclaim
2026-07-06T10:03:38.403491-04:00,entry,10,g010_eod_tp20_sl20,S174,ccab8b58c48f,PYPL,PYPL260710C00044500,1,0.55,,65.0,,,,-0.1,,0.2,-0.2,0.047,RB gap -2.2% reclaim
2026-07-06T10:03:38.403491-04:00,entry,11,g011_lim_tp20_sl20,S174,f3c061efc3c5,PYPL,PYPL260710C00044500,1,0.55,,65.0,,,,-0.1,,0.2,-0.2,0.047,RB gap -2.2% reclaim
2026-07-06T10:03:38.403491-04:00,entry,12,g012_mid_tp20_sl20,S174,029ab5b5ab7e,PYPL,PYPL260710C00044500,1,0.64,,65.0,,,,-0.1,,0.2,-0.2,0.047,RB gap -2.2% reclaim
2026-07-06T10:03:38.403491-04:00,entry,13,g013_eod_tp20_sl20,S174,491861e02164,PYPL,PYPL260710C00044500,1,0.55,,65.0,,,,-0.1,,0.2,-0.2,0.047,RB gap -2.2% reclaim
2026-07-06T10:03:38.403491-04:00,entry,14,g014_lim_tp20_sl20,S174,3364f620e36b,PYPL,PYPL260710C00044500,1,0.55,,65.0,,,,-0.1,,0.2,-0.2,0.114,RB gap -2.2% reclaim
2026-07-06T10:03:38.403491-04:00,entry,15,g015_mid_tp20_sl20,S174,97f398b7a828,PYPL,PYPL260710C00044500,1,0.61,,65.0,,,,-0.1,,0.2,-0.2,0.114,RB gap -2.2% reclaim
2026-07-06T10:03:38.403491-04:00,entry,16,g016_eod_tp20_sl20,S174,5de5b79a31f0,PYPL,PYPL260710C00044500,1,0.55,,65.0,,,,-0.1,,0.2,-0.2,0.114,RB gap -2.2% reclaim
2026-07-06T10:03:38.403491-04:00,entry,17,g017_lim_tp20_sl20,S174,63e29a31ea9d,PYPL,PYPL260710C00044500,1,0.55,,65.0,,,,-0.1,,0.2,-0.2,0.114,RB gap -2.2% reclaim
2026-07-06T10:03:38.403491-04:00,entry,18,g018_mid_tp20_sl20,S174,751644f51e41,PYPL,PYPL260710C00044500,1,0.61,,65.0,,,,-0.1,,0.2,-0.2,0.114,RB gap -2.2% reclaim
2026-07-06T10:03:38.403491-04:00,entry,19,g019_eod_tp20_sl20,S174,7522fe7fcfa8,PYPL,PYPL260710C00044500,1,0.55,,65.0,,,,-0.1,,0.2,-0.2,0.114,RB gap -2.2% reclaim
2026-07-06T10:03:38.403491-04:00,entry,20,g020_lim_tp20_sl30,S174,a73d775f0c1a,PYPL,PYPL260710C00044500,1,0.55,,65.0,,,,-0.1,,0.2,-0.3,0.114,RB gap -2.2% reclaim
2026-07-06T10:03:38.403491-04:00,entry,21,g021_mid_tp20_sl30,S174,8d112cef562e,PYPL,PYPL260710C00044500,1,0.61,,65.0,,,,-0.1,,0.2,-0.3,0.114,RB gap -2.2% reclaim
2026-07-06T10:03:38.403491-04:00,entry,22,g022_eod_tp20_sl30,S174,87f93fecb19f,PYPL,PYPL260710C00044500,1,0.55,,65.0,,,,-0.1,,0.2,-0.3,0.114,RB gap -2.2% reclaim
2026-07-06T10:03:38.403491-04:00,entry,23,g023_lim_tp20_sl30,S174,55b9ff859029,PYPL,PYPL260710C00044500,1,0.51,,61.0,,,,-0.1,,0.2,-0.3,0.05,RB gap -2.2% reclaim
2026-07-06T10:03:38.403491-04:00,entry,24,g024_mid_tp20_sl30,S174,0d9485564a7f,PYPL,PYPL260710C00044500,1,0.59,,61.0,,,,-0.1,,0.2,-0.3,0.05,RB gap -2.2% reclaim
2026-07-06T10:03:38.403491-04:00,entry,25,g025_eod_tp20_sl30,S174,9b23d22d2faf,PYPL,PYPL260710C00044500,1,0.51,,61.0,,,,-0.1,,0.2,-0.3,0.05,RB gap -2.2% reclaim
2026-07-06T10:03:38.403491-04:00,entry,32,g032_lim_tp20_sl40,S174,93f84d17d8f7,PYPL,PYPL260710C00044500,1,0.55,,65.0,,,,-0.1,,0.2,-0.4,0.114,RB gap -2.2% reclaim
2026-07-06T10:03:38.403491-04:00,entry,33,g033_mid_tp20_sl40,S174,6f45fd422f63,PYPL,PYPL260710C00044500,1,0.61,,65.0,,,,-0.1,,0.2,-0.4,0.114,RB gap -2.2% reclaim
2026-07-06T10:03:38.403491-04:00,entry,34,g034_eod_tp20_sl40,S174,57b227b33cb6,PYPL,PYPL260710C00044500,1,0.55,,65.0,,,,-0.1,,0.2,-0.4,0.114,RB gap -2.2% reclaim
2026-07-06T10:03:38.403491-04:00,entry,35,g035_lim_tp20_sl40,S174,17cd18ad8218,PYPL,PYPL260710C00044500,1,0.55,,65.0,,,,-0.1,,0.2,-0.4,0.114,RB gap -2.2% reclaim
2026-07-06T10:03:38.403491-04:00,entry,36,g036_mid_tp20_sl40,S174,85e78d59e462,PYPL,PYPL260710C00044500,1,0.61,,65.0,,,,-0.1,,0.2,-0.4,0.114,RB gap -2.2% reclaim
2026-07-06T10:03:38.403491-04:00,entry,37,g037_eod_tp20_sl40,S174,c9eadfc02f7e,PYPL,PYPL260710C00044500,1,0.55,,65.0,,,,-0.1,,0.2,-0.4,0.047,RB gap -2.2% reclaim
2026-07-06T10:03:38.403491-04:00,entry,44,g044_lim_tp20_sl50,S174,8c342af24e9a,PYPL,PYPL260710C00044500,1,0.55,,65.0,,,,-0.1,,0.2,-0.5,0.047,RB gap -2.2% reclaim
2026-07-06T10:03:38.403491-04:00,entry,45,g045_mid_tp20_sl50,S174,d406af7b5d2c,PYPL,PYPL260710C00044500,1,0.59,,61.0,,,,-0.1,,0.2,-0.5,0.05,RB gap -2.2% reclaim
2026-07-06T10:03:38.403491-04:00,entry,46,g046_eod_tp20_sl50,S174,a2d222b3c4fb,PYPL,PYPL260710C00044500,1,0.51,,61.0,,,,-0.1,,0.2,-0.5,0.05,RB gap -2.2% reclaim
2026-07-06T10:03:38.403491-04:00,entry,47,g047_lim_tp20_sl50,S174,bae641654b8f,PYPL,PYPL260710C00044500,1,0.51,,61.0,,,,-0.1,,0.2,-0.5,0.05,RB gap -2.2% reclaim
2026-07-06T10:03:38.403491-04:00,entry,48,g048_mid_tp20_sl50,S174,58ed121eb21f,PYPL,PYPL260710C00044500,1,0.59,,61.0,,,,-0.1,,0.2,-0.5,0.05,RB gap -2.2% reclaim
2026-07-06T10:03:38.403491-04:00,entry,49,g049_eod_tp20_sl50,S174,c5c6bd53ca1c,PYPL,PYPL260710C00044500,1,0.51,,61.0,,,,-0.1,,0.2,-0.5,0.05,RB gap -2.2% reclaim
2026-07-06T10:03:38.403491-04:00,entry,50,g050_lim_tp20_sl50,S174,2cca35297535,PYPL,PYPL260710C00044500,1,0.55,,65.0,,,,-0.1,,0.2,-0.5,0.114,RB gap -2.2% reclaim
2026-07-06T10:03:38.403491-04:00,entry,51,g051_mid_tp20_sl50,S174,05436cd304f5,PYPL,PYPL260710C00044500,1,0.61,,65.0,,,,-0.1,,0.2,-0.5,0.114,RB gap -2.2% reclaim
2026-07-06T10:03:38.403491-04:00,entry,56,g056_lim_tp20_sl65,S174,9bca4ae55715,PYPL,PYPL260710C00044500,1,0.55,,65.0,,,,-0.1,,0.2,-0.65,0.114,RB gap -2.2% reclaim
2026-07-06T10:03:38.403491-04:00,entry,57,g057_mid_tp20_sl65,S174,35d0d7edd2b7,PYPL,PYPL260710C00044500,1,0.61,,65.0,,,,-0.1,,0.2,-0.65,0.114,RB gap -2.2% reclaim
2026-07-06T10:03:38.403491-04:00,entry,58,g058_eod_tp20_sl65,S174,84b1c23cf211,PYPL,PYPL260710C00044500,1,0.55,,65.0,,,,-0.1,,0.2,-0.65,0.114,RB gap -2.2% reclaim
2026-07-06T10:03:38.403491-04:00,entry,68,g068_lim_tp30_sl20,S174,668aecb54b7f,PYPL,PYPL260710C00044500,1,0.55,,65.0,,,,-0.1,,0.3,-0.2,0.047,RB gap -2.2% reclaim
2026-07-06T10:03:38.403491-04:00,entry,69,g069_mid_tp30_sl20,S174,e4fda2a95fe3,PYPL,PYPL260710C00044500,1,0.64,,65.0,,,,-0.1,,0.3,-0.2,0.047,RB gap -2.2% reclaim
2026-07-06T10:03:38.403491-04:00,entry,70,g070_eod_tp30_sl20,S174,75159ca6789d,PYPL,PYPL260710C00044500,1,0.55,,65.0,,,,-0.1,,0.3,-0.2,0.047,RB gap -2.2% reclaim
2026-07-06T10:03:38.403491-04:00,entry,71,g071_lim_tp30_sl20,S174,528191a83fd9,PYPL,PYPL260710C00044500,1,0.55,,65.0,,,,-0.1,,0.3,-0.2,0.047,RB gap -2.2% reclaim
2026-07-06T10:03:38.403491-04:00,entry,72,g072_mid_tp30_sl20,S174,b9e90ae86591,PYPL,PYPL260710C00044500,1,0.64,,65.0,,,,-0.1,,0.3,-0.2,0.047,RB gap -2.2% reclaim
2026-07-06T10:03:38.403491-04:00,entry,73,g073_eod_tp30_sl20,S174,b2ee211dfd6a,PYPL,PYPL260710C00044500,1,0.55,,65.0,,,,-0.1,,0.3,-0.2,0.047,RB gap -2.2% reclaim
2026-07-06T10:03:38.403491-04:00,entry,74,g074_lim_tp30_sl20,S174,696d1236b97b,PYPL,PYPL260710C00044500,1,0.55,,65.0,,,,-0.1,,0.3,-0.2,0.114,RB gap -2.2% reclaim
2026-07-06T10:03:38.403491-04:00,entry,75,g075_mid_tp30_sl20,S174,92540da25e13,PYPL,PYPL260710C00044500,1,0.61,,65.0,,,,-0.1,,0.3,-0.2,0.114,RB gap -2.2% reclaim
2026-07-06T10:03:38.403491-04:00,entry,80,g080_lim_tp30_sl30,S174,e679e163819f,PYPL,PYPL260710C00044500,1,0.55,,65.0,,,,-0.1,,0.3,-0.3,0.047,RB gap -2.2% reclaim
2026-07-06T10:03:38.403491-04:00,entry,81,g081_mid_tp30_sl30,S174,5397a0d8fc12,PYPL,PYPL260710C00044500,1,0.64,,65.0,,,,-0.1,,0.3,-0.3,0.047,RB gap -2.2% reclaim
2026-07-06T10:03:38.403491-04:00,entry,82,g082_eod_tp30_sl30,S174,6bc5e9878bf7,PYPL,PYPL260710C00044500,1,0.55,,65.0,,,,-0.1,,0.3,-0.3,0.047,RB gap -2.2% reclaim
2026-07-06T10:03:38.403491-04:00,entry,91,g091_eod_tp30_sl30,S174,72c5b281efba,PYPL,PYPL260710C00044500,1,0.55,,65.0,,,,-0.1,,0.3,-0.3,0.047,RB gap -2.2% reclaim
2026-07-06T10:03:38.403491-04:00,entry,92,g092_lim_tp30_sl40,S174,8175e44ba12f,PYPL,PYPL260710C00044500,1,0.55,,65.0,,,,-0.1,,0.3,-0.4,0.047,RB gap -2.2% reclaim
2026-07-06T10:03:38.403491-04:00,entry,93,g093_mid_tp30_sl40,S174,cdb723329aa4,PYPL,PYPL260710C00044500,1,0.64,,65.0,,,,-0.1,,0.3,-0.4,0.047,RB gap -2.2% reclaim
2026-07-06T10:03:38.403491-04:00,entry,94,g094_eod_tp30_sl40,S174,1e55a1ee92ed,PYPL,PYPL260710C00044500,1,0.55,,65.0,,,,-0.1,,0.3,-0.4,0.047,RB gap -2.2% reclaim
2026-07-06T10:19:45.682718-04:00,entry,56,g056_lim_tp20_sl65,S165,b68002616ea2,PYPL,PYPL260710C00045000,1,0.33,,43.0,,,,-0.1,,0.35,-0.3,0.024,gap -2.2%
2026-07-06T10:19:45.682718-04:00,entry,57,g057_mid_tp20_sl65,S165,3d5ee245e070,PYPL,PYPL260710C00045000,1,0.42,,43.0,,,,-0.1,,0.35,-0.3,0.024,gap -2.2%
2026-07-06T10:19:45.682718-04:00,entry,58,g058_eod_tp20_sl65,S165,ce06a61057aa,PYPL,PYPL260710C00045000,1,0.33,,43.0,,,,-0.1,,0.35,-0.3,0.024,gap -2.2%
2026-07-06T10:19:45.682718-04:00,entry,70,g070_eod_tp30_sl20,S165,61952cef20d0,PYPL,PYPL260710C00045000,1,0.37,,47.0,,,,-0.1,,0.35,-0.3,0.043,gap -2.2%
2026-07-06T10:37:13.029149-04:00,exit,77,g077_lim_tp30_sl20,S174,899019a239cb,ADBE,ADBE260710C00230000,1,,,80.0,-23.29,-18.63,stop_loss (-23.3%),,-0.05,0.3,-0.2,,
2026-07-06T10:37:13.029149-04:00,exit,78,g078_mid_tp30_sl20,S174,b60b16ac9d91,ADBE,ADBE260710C00230000,1,,,80.0,-23.29,-18.63,stop_loss (-23.3%),,-0.05,0.3,-0.2,,
2026-07-06T11:12:02.248708-04:00,exit,71,g071_lim_tp30_sl20,S174,528191a83fd9,PYPL,PYPL260710C00044500,1,,,65.0,36.51,23.73,take_profit (+36.5%),,-0.05,0.3,-0.2,,
2026-07-06T11:12:02.248708-04:00,exit,72,g072_mid_tp30_sl20,S174,b9e90ae86591,PYPL,PYPL260710C00044500,1,,,65.0,36.51,23.73,take_profit (+36.5%),,-0.05,0.3,-0.2,,
2026-07-06T11:12:02.248708-04:00,exit,74,g074_lim_tp30_sl20,S174,696d1236b97b,PYPL,PYPL260710C00044500,1,,,65.0,36.51,23.73,take_profit (+36.5%),,-0.05,0.3,-0.2,,
2026-07-06T11:12:02.248708-04:00,exit,75,g075_mid_tp30_sl20,S174,92540da25e13,PYPL,PYPL260710C00044500,1,,,65.0,36.51,23.73,take_profit (+36.5%),,-0.05,0.3,-0.2,,
2026-07-06T11:12:02.248708-04:00,exit,80,g080_lim_tp30_sl30,S174,e679e163819f,PYPL,PYPL260710C00044500,1,,,65.0,36.51,23.73,take_profit (+36.5%),,-0.05,0.3,-0.3,,
2026-07-06T11:12:02.248708-04:00,exit,81,g081_mid_tp30_sl30,S174,5397a0d8fc12,PYPL,PYPL260710C00044500,1,,,65.0,36.51,23.73,take_profit (+36.5%),,-0.05,0.3,-0.3,,
2026-07-06T11:12:02.248708-04:00,exit,92,g092_lim_tp30_sl40,S174,8175e44ba12f,PYPL,PYPL260710C00044500,1,,,65.0,36.51,23.73,take_profit (+36.5%),,-0.05,0.3,-0.4,,
2026-07-06T11:12:02.248708-04:00,exit,93,g093_mid_tp30_sl40,S174,cdb723329aa4,PYPL,PYPL260710C00044500,1,,,65.0,36.51,23.73,take_profit (+36.5%),,-0.05,0.3,-0.4,,
2026-07-06T11:12:02.248708-04:00,exit,56,g056_lim_tp20_sl65,S165,b68002616ea2,PYPL,PYPL260710C00045000,1,,,43.0,47.73,20.52,take_profit (+47.7%),,-0.05,0.35,-0.3,,
2026-07-06T11:12:02.248708-04:00,exit,57,g057_mid_tp20_sl65,S165,3d5ee245e070,PYPL,PYPL260710C00045000,1,,,43.0,47.73,20.52,take_profit (+47.7%),,-0.05,0.35,-0.3,,
2026-07-06T11:45:42.668018-04:00,exit,92,g092_lim_tp30_sl40,S173,90d3e3527261,PLTR,PLTR260710C00138000,1,,,100.0,70.78,70.78,take_profit (+70.8%),,-0.05,0.6,-0.4,,
2026-07-06T11:45:42.668018-04:00,exit,93,g093_mid_tp30_sl40,S173,8a582089e669,PLTR,PLTR260710C00138000,1,,,100.0,70.78,70.78,take_profit (+70.8%),,-0.05,0.6,-0.4,,
2026-07-06T11:45:42.668018-04:00,exit,95,g095_lim_tp30_sl40,S173,2e4c54e77646,PLTR,PLTR260710C00138000,1,,,100.0,70.78,70.78,take_profit (+70.8%),,-0.05,0.6,-0.4,,
2026-07-06T11:45:42.668018-04:00,exit,96,g096_mid_tp30_sl40,S173,b0e871c77091,PLTR,PLTR260710C00138000,1,,,100.0,70.78,70.78,take_profit (+70.8%),,-0.05,0.6,-0.4,,
2026-07-06T11:45:42.668018-04:00,exit,98,g098_lim_tp30_sl40,S173,d6c46838422d,PLTR,PLTR260710C00138000,1,,,100.0,70.78,70.78,take_profit (+70.8%),,-0.05,0.6,-0.4,,
2026-07-06T11:45:42.668018-04:00,exit,99,g099_mid_tp30_sl40,S173,87f2d5dbdd55,PLTR,PLTR260710C00138000,1,,,100.0,70.78,70.78,take_profit (+70.8%),,-0.05,0.6,-0.4,,
2026-07-06T11:50:48.667455-04:00,exit,0,orphan_reconcile,UNKNOWN,c2d58ea9a2ec,PLTR,PLTR260710C00138000,6,,,562.14,84.65,475.86,take_profit (+84.7%),,-0.01,0.5,-0.5,,
2026-07-06T11:55:44.627023-04:00,exit,63,g063_mid_tp20_sl65,S174,73c949cb9374,ADBE,ADBE260710C00230000,1,,,80.0,23.29,18.63,take_profit (+23.3%),,-0.05,0.2,-0.65,,
2026-07-06T11:55:44.627023-04:00,exit,65,g065_lim_tp20_sl65,S174,976e0b05c078,ADBE,ADBE260710C00230000,1,,,80.0,23.29,18.63,take_profit (+23.3%),,-0.05,0.2,-0.65,,
2026-07-06T11:55:44.627023-04:00,exit,66,g066_mid_tp20_sl65,S174,40050e0b00ee,ADBE,ADBE260710C00230000,1,,,80.0,23.29,18.63,take_profit (+23.3%),,-0.05,0.2,-0.65,,
2026-07-06T12:05:45.005827-04:00,exit,83,g083_lim_tp30_sl30,S174,4aa73ad1d06d,ADBE,ADBE260710C00230000,1,,,80.0,30.14,24.11,take_profit (+30.1%),,-0.05,0.3,-0.3,,
2026-07-06T12:05:45.005827-04:00,exit,84,g084_mid_tp30_sl30,S174,7be87ea328a8,ADBE,ADBE260710C00230000,1,,,80.0,30.14,24.11,take_profit (+30.1%),,-0.05,0.3,-0.3,,
2026-07-06T12:05:45.005827-04:00,exit,86,g086_lim_tp30_sl30,S174,99f258881892,ADBE,ADBE260710C00230000,1,,,80.0,30.14,24.11,take_profit (+30.1%),,-0.05,0.3,-0.3,,
2026-07-06T12:05:45.005827-04:00,exit,87,g087_mid_tp30_sl30,S174,3dc08d6b092e,ADBE,ADBE260710C00230000,1,,,80.0,30.14,24.11,take_profit (+30.1%),,-0.05,0.3,-0.3,,
2026-07-06T12:05:45.005827-04:00,exit,89,g089_lim_tp30_sl30,S174,9f6a17386f24,ADBE,ADBE260710C00230000,1,,,80.0,30.14,24.11,take_profit (+30.1%),,-0.05,0.3,-0.3,,
2026-07-06T12:05:45.005827-04:00,exit,90,g090_mid_tp30_sl30,S174,ace60ea0b30f,ADBE,ADBE260710C00230000,1,,,80.0,30.14,24.11,take_profit (+30.1%),,-0.05,0.3,-0.3,,
2026-07-06T12:05:45.005827-04:00,exit,95,g095_lim_tp30_sl40,S174,605ef4e4a451,ADBE,ADBE260710C00230000,1,,,80.0,30.14,24.11,take_profit (+30.1%),,-0.05,0.3,-0.4,,
2026-07-06T12:05:45.005827-04:00,exit,96,g096_mid_tp30_sl40,S174,13c12d28545c,ADBE,ADBE260710C00230000,1,,,80.0,30.14,24.11,take_profit (+30.1%),,-0.05,0.3,-0.4,,
2026-07-06T12:05:45.005827-04:00,exit,98,g098_lim_tp30_sl40,S174,302b3e3ecd7a,ADBE,ADBE260710C00230000,1,,,80.0,30.14,24.11,take_profit (+30.1%),,-0.05,0.3,-0.4,,
2026-07-06T12:05:45.005827-04:00,exit,99,g099_mid_tp30_sl40,S174,61496f54c386,ADBE,ADBE260710C00230000,1,,,80.0,30.14,24.11,take_profit (+30.1%),,-0.05,0.3,-0.4,,
2026-07-06T12:05:45.005827-04:00,exit,0,orphan_reconcile,UNKNOWN,df118e91c1ed,PYPL,PYPL260710C00045000,6,,,352.0,50.0,176.0,take_profit (+50.0%),,-0.01,0.5,-0.5,,
2026-07-06T12:21:13.002043-04:00,exit,0,orphan_reconcile,UNKNOWN,5990e6c1994f,PYPL,PYPL260710C00045500,1,,,31.0,58.06,18.0,take_profit (+58.1%),,-0.01,0.5,-0.5,,
2026-07-06T13:15:43.821844-04:00,exit,0,orphan_reconcile,UNKNOWN,3c0fc77f5461,ADBE,ADBE260710C00230000,2,,,146.0,53.42,78.0,take_profit (+53.4%),,-0.01,0.5,-0.5,,
